_id,username,password,serialNumber,fullName,roomNumber,branch,batch,gender,mobileNumber,enrollmentNumber
66bc893e69f8defd44918e25,Wyatt.Larkin,t6J0vgZUTSLYWFh,1,Forrest Fisher,61,Mechanical,2015,Male,6282301745,6328
66bc91a7880716790969d865,Wilfred_Weissnat53,EjREaJwdYERNPVC,2,Randolph Bosco,19,Computer Science,2019,Female,5494618250,7245
66bc91b6880716790969d86c,Lina_Beier,FRDKh7Wfhjt6hVp,3,Jessica Gorczany,70,Computer Science,2021,Male,3033754704,8649
66bc91d4880716790969d87a,Mable_Kshlerin61,ExtHrCD5bv2FogA,4,Pat Pollich,44,Computer Science,2010,Female,9807840748,7172
66bd136a86f72995c6a81285,Norma_Hilpert68,XjbOFHsDyqpZDdR,5,Christy Quitzon,43,Computer Science,2021,Male,960511295,7166
66be17ccf1da91111c169d71,Myriam.Fay,rIvZAYbrBF4hD4Y,6,Arthur Johns,77,Mechanical,2017,Female,1788162317,5850
66bc893e69f8defd44918e26,Genoveva.Cassin,zlmXwCwnBcSeR2I,7,Carlos Hegmann,39,Computer Science,2018,Male,8738090118,2911
66bc91a7880716790969d866,Aylin.Ward88,wPWyqClr86_2BV3,8,Marvin Crooks PhD,41,Electrical,2013,Female,622562123,7225
66bc91b6880716790969d86c,Daisy18,0A3zrkBForNoeki,9,Dr. Thomas Lubowitz,11,Civil,2021,Male,7225980066,2313
66bc91d4880716790969d87a,Troy72,HNCCrL5h5_xdbc9,10,Pete Schimmel,49,Computer Science,2018,Female,1899973878,4465
66bd136a86f72995c6a81286,Cara95,m_bIIKj3QBcQ732,11,Evelyn Roob,81,Electrical,2013,Male,1476283484,3882
66be17ccf1da91111c169d72,Leila19,jPG5imuH5RHPT0W,12,Dewey Erdman,30,Computer Science,2016,Female,4775030321,6908
66bc893e69f8defd44918e27,Kody_Padberg,7k4_hq6KrEAa9pF,13,Ted Streich,19,Computer Science,2014,Male,5019013732,7378
66bc91a7880716790969d867,Otha_Barrows42,zdYkFxB7FDtwe9U,14,Margarita Gerhold IV,43,Civil,2014,Female,4378468285,3009
66bc91b6880716790969d86c,Damien_Steuber,EitaDOjPs72dXD5,15,Thelma Goldner-Predovic,18,Civil,2020,Male,7784019455,4376
66bc91d4880716790969d87a,Gavin.Pouros56,ZV_YX7p6TUEq8ag,16,Mr. Brad Parker I,74,Computer Science,2019,Female,2934902138,1350
66bd136a86f72995c6a81287,Talon_Hayes3,bwIAmubegTm20wn,17,Gregory Skiles,87,Mechanical,2021,Male,322543073,5755
66be17ccf1da91111c169d73,Valentin.Runolfsdottir,nVBuRASBt7hqYTo,18,Vicki Huels,52,Civil,2013,Female,1583851233,9991
66bc893e69f8defd44918e28,Patsy15,JVJUXvtyBhOiJjz,19,Olivia Nader,12,Computer Science,2018,Male,7669718809,9725
66bc91a7880716790969d868,Nicolette1,BesFRtv7fX_cwh2,20,Corey Dickens,10,Computer Science,2015,Female,2644157350,3786
66bc91b6880716790969d86c,Jimmy.Hauck99,kUPjCVMkCh70qYz,21,Patsy Kunde,90,Electrical,2024,Male,488593867,4729
66bc91d4880716790969d87a,Mozelle8,K5kR6GlioYDB53G,22,Ruby Kuhic,26,Computer Science,2010,Female,2971191594,8486
66bd136a86f72995c6a81288,Walton_Orn24,7n5k0QU9pp6Rmsk,23,Madeline Ledner-Cartwright,65,Civil,2013,Male,7896321690,5249
66be17ccf1da91111c169d74,Al13,kWDq7SLdM0QksEi,24,Patty Doyle,26,Electrical,2019,Female,4375616719,6807
66bc893e69f8defd44918e29,Toy9,CrqbAGwGik92m8u,25,Mr. Earl Dietrich,69,Electrical,2010,Male,8665371718,4838
66bc91a7880716790969d869,Walton_Johnson71,zYnpNAkQTzjSvMN,26,Eric Gerhold,1,Civil,2014,Female,1355582176,2205
66bc91b6880716790969d86c,Sammy.Ryan24,ZdGd2tYAmZ_nna6,27,Miss Glenda Konopelski,15,Mechanical,2021,Male,2108119650,1521
66bc91d4880716790969d87a,Ozella_Wisozk,TeqkNEC_n5DOh4U,28,Dr. Elias Reinger V,96,Civil,2019,Female,8425668169,4773
66bd136a86f72995c6a81289,Domenick89,kAI0z2yLW5DCKFE,29,Elijah Bernhard,57,Mechanical,2010,Male,4609961073,1477
66be17ccf1da91111c169d75,Otho_Berge,9IPWc0ws67aVr5_,30,Stuart Mertz,80,Civil,2018,Female,9591197927,1436
66bc893e69f8defd44918e30,Joana_Wisoky,wxi5XsyP0ZZ5mY2,31,Crystal Kertzmann,88,Electrical,2016,Male,6391036411,7974
66bc91a7880716790969d870,Era.Cormier,tJwTx7qhwfaaWXt,32,Garry Marvin,77,Civil,2018,Female,8707200028,4567
66bc91b6880716790969d86c,Allen.Brekke54,4G0euvP6vAJrHqB,33,Zachary Lockman,58,Mechanical,2013,Male,8196967942,7650
66bc91d4880716790969d87a,Daisha.Dach7,SI2fPBofhU8Bw72,34,Deborah Wilderman,86,Computer Science,2020,Female,8605545319,5921
66bd136a86f72995c6a81290,Brannon.OConnell,sdPwkR8M2hEcnn3,35,Winifred Jones,86,Computer Science,2012,Male,6371435334,9352
66be17ccf1da91111c169d76,Ed28,qJ_UL63g1kqBLLo,36,Elmer Bins,67,Electrical,2017,Female,9232483298,5695
66bc893e69f8defd44918e31,Genoveva23,5XjuA8FIsODPQ57,37,Edna Lockman,56,Computer Science,2024,Male,1041094055,6647
66bc91a7880716790969d871,Brittany.Purdy,6pAzTvCk8svH8_q,38,Rodney Sanford,57,Mechanical,2014,Female,9915875947,3595
66bc91b6880716790969d86c,Ethan29,P8EAJFtZIGSaogN,39,Kathleen Denesik,60,Civil,2012,Male,4277256710,5359
66bc91d4880716790969d87a,Terrell.Gusikowski34,smcjkQB2rupeaPX,40,Rachel Kozey,46,Civil,2023,Female,6947682427,4738
66bd136a86f72995c6a81291,Lew.OConner,xPtkakXDyFjFTkC,41,Laurie Langworth,9,Mechanical,2021,Male,5012496251,5236
66be17ccf1da91111c169d77,Dina_Moen19,U2K0HmXr4Vt5R0h,42,Dawn Muller,6,Computer Science,2012,Female,8310556781,9502
66bc893e69f8defd44918e32,Carolyne_VonRueden,xY4PRHNkKBy7u0p,43,Vicki Schaefer,21,Mechanical,2016,Male,6514135806,6686
66bc91a7880716790969d872,Alicia_Rempel30,XRXwXkLRiIKPGDU,44,Irene Pagac,65,Civil,2024,Female,6760181313,8382
66bc91b6880716790969d86c,Percival.Bartell32,gNS0A83WVYd9RKc,45,Simon Christiansen,49,Computer Science,2015,Male,4209122846,2104
66bc91d4880716790969d87a,Camryn.Heller73,bKKgLNkv63NYRPy,46,Ernest Gibson,40,Electrical,2020,Female,8500678443,7450
66bd136a86f72995c6a81292,Conor_Balistreri,Gy_andl4syfmmXT,47,Leonard Crooks,5,Civil,2023,Male,7601974238,4024
66be17ccf1da91111c169d78,Ola_Hintz,B1b4WnAFY4Hj6cG,48,Clarence Barrows,57,Civil,2019,Female,7488968855,3487
66bc893e69f8defd44918e33,Ulices35,gzWeHz9YB7UkGdH,49,Orlando Lockman,84,Civil,2020,Male,1514843007,9050
66bc91a7880716790969d873,Hyman_Denesik66,PuMgzYdzJVK8lJl,50,Jared Kuphal,60,Computer Science,2018,Female,5209023169,4112
66bc91b6880716790969d86c,Theodore_Wilkinson,b6em2xav1qI_oBH,51,Pat Toy,57,Electrical,2018,Male,3906509435,3910
66bc91d4880716790969d87a,Heather_Heaney73,3vDcbuJZxsuLhbx,52,Todd Heathcote,74,Electrical,2012,Female,658320385,5684
66bd136a86f72995c6a81293,Jeffery59,O1xM5sUsZnklx6B,53,Jacob Klein,69,Civil,2021,Male,1204205243,2020
66be17ccf1da91111c169d79,Bryce45,yN7Lr8R27wNQfQq,54,Sheila Leffler,33,Mechanical,2022,Female,5211711019,8748
66bc893e69f8defd44918e34,Jaren_Harber,sXmgNJUF8K3jJ6A,55,Moses Douglas Jr.,54,Civil,2023,Male,6238524119,9286
66bc91a7880716790969d874,Jarrod.Hartmann-Macejkovic15,PzjT4G8DBcHjvBS,56,Mrs. Caroline Schamberger,63,Civil,2020,Female,9816916970,1262
66bc91b6880716790969d86c,Jacey62,61b9jRLeQ81bXaF,57,Marta Gorczany,47,Mechanical,2021,Male,5241365008,1356
66bc91d4880716790969d87a,Zane.West38,bXlTpuTtNmPVvwb,58,April Collier,26,Electrical,2019,Female,790220920,4151
66bd136a86f72995c6a81294,Jarrett.Gleason78,KLET6EVK0yfX_au,59,Rosa Olson,2,Mechanical,2017,Male,1910149582,2780
66be17ccf1da91111c169d80,Justyn_Ledner,zxkxdJzj_X8g7_J,60,Lonnie Kub,47,Electrical,2010,Female,1662391404,8822
66bc893e69f8defd44918e35,Caitlyn74,25eIyB2eUXOZjjq,61,Brenda Goodwin,88,Civil,2011,Male,6358011879,8208
66bc91a7880716790969d875,Andreanne.Murazik,eTsMIhr1DWc_Mpb,62,Miss Gertrude Windler DDS,23,Electrical,2023,Female,3123869358,2207
66bc91b6880716790969d86c,Ian43,dzh4YWfnfFlaIjv,63,Adrian Friesen,96,Computer Science,2023,Male,7017570905,5293
66bc91d4880716790969d87a,Dedric_White79,PkhzilcMnB6Ac6W,64,Arlene Heller,4,Electrical,2020,Female,7619102287,5142
66bd136a86f72995c6a81295,Joanne71,scpbBNKtyjv4OQh,65,Alfonso Marvin,8,Mechanical,2022,Male,9643085510,9815
66be17ccf1da91111c169d81,Yadira_Jones,0iKHi4VgcHW2M1L,66,Kimberly Green,84,Civil,2014,Female,1931472000,2750
66bc893e69f8defd44918e36,Buster_Ziemann,oiq4ROjCDSSz0dF,67,Miss Mamie Durgan,45,Electrical,2018,Male,930355260,7212
66bc91a7880716790969d876,Wilford.Ankunding,28D7215NTsBxkMH,68,Cecelia Smith,15,Electrical,2022,Female,5297476310,5266
66bc91b6880716790969d86c,Rosie83,3W3HJhtWQUR2R0z,69,Joey Sipes,41,Mechanical,2022,Male,6934352875,7801
66bc91d4880716790969d87a,Louie_Blanda78,vgaC6E56_MnX_aZ,70,Linda Green,67,Civil,2013,Female,5506874941,8058
66bd136a86f72995c6a81296,Marcos5,AL4An1iZ1LMBa_n,71,Troy Treutel,81,Electrical,2011,Male,6051132952,4552
66be17ccf1da91111c169d82,Beth45,u5Hx1HMOzgiYtF8,72,Ida Upton,87,Civil,2023,Female,5020939129,7454
66bc893e69f8defd44918e37,Bianka44,MdMx3Jt5rSEJJKs,73,Tyler Simonis-Witting,39,Computer Science,2012,Male,6374310027,8208
66bc91a7880716790969d877,Agustina90,SV6mkeBfuNK69iQ,74,Gwendolyn Schaden,79,Mechanical,2017,Female,9511580198,5643
66bc91b6880716790969d86c,Laurence_Murazik,emrjj6FJRVtKCJk,75,Hattie Champlin,38,Electrical,2022,Male,8679079382,3008
66bc91d4880716790969d87a,Genesis23,UWBtzXHnF3c8u_1,76,Sara Auer,63,Civil,2012,Female,1527745638,2269
66bd136a86f72995c6a81297,Turner_Wyman84,kCA7BvI9H8B6LYE,77,Mr. Mario Hackett,47,Civil,2021,Male,8514056871,4509
66be17ccf1da91111c169d83,Lori_Lemke50,4i4PnkpHD_FqDzF,78,Hugh Aufderhar-Upton II,27,Civil,2019,Female,9763878668,6246
66bc893e69f8defd44918e38,Rosina.Cremin60,tqPg64sGjwifujY,79,Nicole Kutch,92,Mechanical,2011,Male,1659916233,5618
66bc91a7880716790969d878,Germaine35,YXHfuHC_tRCVU1N,80,Clyde Lindgren,64,Civil,2021,Female,2282898393,5245
66bc91b6880716790969d86c,Brant.Haley25,bdY5LZYdZYQIFB1,81,Patsy Lakin,91,Computer Science,2017,Male,4074971575,9855
66bc91d4880716790969d87a,Lue.Adams18,1V2wh4sLSsMwPvO,82,Abel Simonis,81,Mechanical,2018,Female,1323332964,2130
66bd136a86f72995c6a81298,Saige58,PrWzwG8Hq88cFa4,83,Dora Kshlerin-Crist,70,Computer Science,2018,Male,8939354316,7002
66be17ccf1da91111c169d84,Lucienne.Torp,vgjlwnzVzUnyb8J,84,Cora Kuhn,4,Civil,2015,Female,5636571696,9364
66bc893e69f8defd44918e39,Emerson21,NBej7EqvPF00qSS,85,Myron Beahan-Champlin,51,Electrical,2017,Male,3456228201,9196
66bc91a7880716790969d879,Sandy24,N0P4z5PNKvkhSiR,86,Gilberto Farrell,31,Electrical,2013,Female,5885490962,6746
66bc91b6880716790969d86c,Aiden.Hilll81,k3S5EWHOYK9Gehs,87,Gordon Schuster,85,Mechanical,2010,Male,1545674552,8450
66bc91d4880716790969d87a,Quentin_Abshire,5vCEuDFV5PpezDi,88,Mike O'Reilly Jr.,42,Mechanical,2023,Female,7257421281,3913
66bd136a86f72995c6a81299,Bessie.Reynolds58,oxmnEO3L4otuKjf,89,Susie Jakubowski,39,Electrical,2010,Male,4799560830,2701
66be17ccf1da91111c169d85,Leila.Reichert88,k3vzv6_Td5SrqEO,90,Carl Bashirian,44,Electrical,2022,Female,3060720156,9431
66bc893e69f8defd44918e40,Cathryn3,32MWZc3Ti_sAIRX,91,Willie Steuber,32,Civil,2023,Male,5341007092,9045
66bc91a7880716790969d880,Jadon.Treutel,EoJfIr02jEopg0H,92,Camille Funk,99,Electrical,2021,Female,9892633572,6630
66bc91b6880716790969d86c,Robb70,n_OQsjC97ZfPPqu,93,Dolores Runolfsdottir,97,Computer Science,2011,Male,9908238014,6071
66bc91d4880716790969d87a,Jazlyn.Swaniawski85,bQZ3RdYkh1NYwcQ,94,Miss Jody Douglas,70,Computer Science,2019,Female,7370568878,8117
66bd136a86f72995c6a81300,Dorothea.Luettgen42,qUqY2ITndqdVO8r,95,Irene Lubowitz,5,Civil,2023,Male,5062157630,1203
66be17ccf1da91111c169d86,Maida.Gerhold85,q9czsmIVN5sfpwI,96,Felicia Mann,67,Electrical,2012,Female,8131644848,7044
66bc893e69f8defd44918e41,Devon.Fritsch,awoZdJulKCKRBSX,97,Sara Lang,77,Civil,2012,Male,8530971931,2577
66bc91a7880716790969d881,Edmund_Koch53,UNGYbgxdg3vr6nE,98,Ora Paucek,90,Mechanical,2010,Female,1530905694,5083
66bc91b6880716790969d86c,Mabelle_Block,H8uR1FECZiKSQpe,99,Maurice Thiel,65,Mechanical,2022,Male,1295210422,1739
66bc91d4880716790969d87a,Lexie_Mayer95,k87PIPu75vi_thC,100,Gerald Wintheiser-Lehner DDS,17,Mechanical,2010,Female,7243714390,8466
66bd136a86f72995c6a81301,Earlene_Ryan,9g6p1fAPgEOEdai,101,Joanne Lesch,26,Civil,2011,Male,6209987540,2019
66be17ccf1da91111c169d87,Viola39,AzkYlsjqBPnO3jx,102,Clark Koch MD,60,Civil,2020,Female,1187632722,1565
66bc893e69f8defd44918e42,Sam.DuBuque,ZxMDjQUDm1Sb79N,103,Jose Baumbach IV,86,Civil,2011,Male,544052744,1434
66bc91a7880716790969d882,Vance_Hayes,r1xIbmHZmNYNAT_,104,Melody Bradtke,18,Electrical,2017,Female,5199870517,6670
66bc91b6880716790969d86c,Quinn_Labadie,68mXDSzVILH1XWQ,105,Deanna Bernier,56,Mechanical,2013,Male,5491453943,9697
66bc91d4880716790969d87a,Loyce.Wisozk29,mwp8dCYxD4vfXB4,106,Mr. Dean Schimmel,5,Civil,2010,Female,5193853517,5088
66bd136a86f72995c6a81302,Bertrand29,7qERfPiUC6V9Dfo,107,Rachael Reynolds,20,Computer Science,2012,Male,359617534,8360
66be17ccf1da91111c169d88,Dolores.Ferry4,o9NsZZn1y0KD1Jt,108,Barry Cassin-Spencer,48,Civil,2021,Female,2382211518,2514
66bc893e69f8defd44918e43,Camilla_Strosin77,1TwbviFhnJ6YClE,109,Israel Borer,33,Mechanical,2014,Male,872176257,3652
66bc91a7880716790969d883,Cale.Hodkiewicz73,nVZBlREB7jHDT7B,110,Kyle Fisher,56,Electrical,2013,Female,8879203004,1475
66bc91b6880716790969d86c,Joan.Brekke24,mptvChVWZY3jqNd,111,Dr. Clark Schmeler,65,Civil,2023,Male,583580810,8732
66bc91d4880716790969d87a,Clint37,BgBPeIMzfUQOcsQ,112,Rodolfo Hills,21,Mechanical,2014,Female,4577544330,7021
66bd136a86f72995c6a81303,Rosendo.Lang21,txUctMOLtUvBTl_,113,Dr. Donna Feest,68,Computer Science,2015,Male,6619596566,4799
66be17ccf1da91111c169d89,Iliana_Sauer25,zW5_pzgiMiI3UW0,114,Gloria Schamberger,50,Electrical,2021,Female,6947573223,4284
66bc893e69f8defd44918e44,Dayton.Gleason,LiT5LYB2icAWUi1,115,Christopher Gottlieb,56,Mechanical,2016,Male,9799327703,6484
66bc91a7880716790969d884,Madge.Keebler,EBINCH6ctapjjSc,116,Miss Kendra Dare,68,Electrical,2016,Female,765280789,1718
66bc91b6880716790969d86c,Alena.Luettgen86,Fv3HVYsUkJtiNmJ,117,Mr. Bruce Abshire MD,30,Electrical,2021,Male,5086458080,2419
66bc91d4880716790969d87a,Rita_Krajcik96,N6FmsbRZmtwnZQy,118,Carolyn Murray,54,Electrical,2021,Female,8969455450,6709
66bd136a86f72995c6a81304,Everett.Bauch,nHuo17hcHS4w7yW,119,Jack Labadie,62,Computer Science,2024,Male,1193986518,4997
66be17ccf1da91111c169d90,Rafael39,xt9L9JTXk_37JgH,120,Ruben Howell-Waters,67,Computer Science,2022,Female,4811198095,3242
66bc893e69f8defd44918e45,Hubert_Feest,Tx00ZmOzQtuxjSn,121,Alice Hayes,34,Mechanical,2014,Male,1838465418,2213
66bc91a7880716790969d885,Gillian_Will,t54IlKpZZEEEAD2,122,Clark VonRueden,84,Electrical,2014,Female,9261515532,4616
66bc91b6880716790969d86c,Milo_Lehner45,JFFaTXLmTmrE5OC,123,Tiffany Armstrong,34,Mechanical,2023,Male,2469498274,1380
66bc91d4880716790969d87a,Marion.Mosciski29,oakG7HyfkPUpO1r,124,Michele Boyle-Bosco,43,Computer Science,2013,Female,3058099626,3515
66bd136a86f72995c6a81305,Meggie.Cartwright,6Xory87jtNIPyti,125,Hugh Franey,72,Civil,2022,Male,53975785,9208
66be17ccf1da91111c169d91,Pierce_Hilll46,yAtwavOPMLa84Fx,126,Damon Orn,31,Civil,2024,Female,3242406434,1073
66bc893e69f8defd44918e46,Chaya_Reilly37,bnX5ekLze1SLxIO,127,Rogelio Metz,99,Electrical,2022,Male,2940867394,4979
66bc91a7880716790969d886,Rosie.Kozey3,lz47m1qz8dpy8bL,128,Bernard Waters,62,Civil,2010,Female,6814865898,6518
66bc91b6880716790969d86c,Jaydon.Kreiger61,dlUSGUjS1oGqjky,129,Al Hirthe,63,Electrical,2014,Male,2869760750,7975
66bc91d4880716790969d87a,Joanne.Mohr,qDOR9vm2Z3pO_op,130,Brad Jaskolski,56,Mechanical,2020,Female,740539075,6047
66bd136a86f72995c6a81306,Savannah_Veum85,B7zZKqzrZjrWpJO,131,Claire Daniel,96,Electrical,2023,Male,1639553506,9377
66be17ccf1da91111c169d92,Adele_Larkin4,hMu4Uij_4x7ZUdb,132,Rickey Balistreri,72,Electrical,2011,Female,9101820510,9591
66bc893e69f8defd44918e47,Rosanna.Hansen,7n3Q8LJGEhwyhFP,133,Kim Ernser V,99,Civil,2020,Male,3367202135,1354
66bc91a7880716790969d887,Kip_Kessler28,yjNYIr9drXZOm4Y,134,Ted Morissette V,8,Electrical,2018,Female,9651620297,7519
66bc91b6880716790969d86c,Gilbert.Douglas16,Qbj80jgL9TExfM7,135,Kate Rolfson,38,Electrical,2010,Male,1927359322,4900
66bc91d4880716790969d87a,Ivory_Weissnat,r73SNgP6G3qLDod,136,Scott Heidenreich,12,Computer Science,2023,Female,6089023361,4820
66bd136a86f72995c6a81307,Marcella_McClure,ZCK4qo22_zmXGhM,137,Shirley Ferry,3,Mechanical,2019,Male,9685211177,4155
66be17ccf1da91111c169d93,Austin77,v6MsUSZoUnduRRa,138,Bryan Prohaska,24,Computer Science,2014,Female,948726368,5730
66bc893e69f8defd44918e48,Cleo.Schumm43,rnR3MST9tFGWh46,139,Natalie Kirlin,93,Civil,2011,Male,925201739,8946
66bc91a7880716790969d888,Alyson50,Teb84BDwGFcbqgv,140,Kristy Murray,91,Civil,2012,Female,4385478320,7086
66bc91b6880716790969d86c,Zita_Bins40,6t1g8IZsCRQ7RCh,141,Miranda Powlowski,47,Civil,2018,Male,5851073094,2088
66bc91d4880716790969d87a,Lennie56,kqyGCs4Bp7Gqng4,142,Dorothy Flatley,20,Civil,2016,Female,9457455758,6845
66bd136a86f72995c6a81308,Dixie7,ENt_qqZcdDIxOOb,143,Francisco Howe,78,Civil,2023,Male,3215079933,6610
66be17ccf1da91111c169d94,Robb.Shanahan,Vv7rOtPlKMsR_pK,144,Katherine Wintheiser,42,Computer Science,2018,Female,5749765247,2945
66bc893e69f8defd44918e49,Richmond_Anderson27,xTLjRXGa27bTPK1,145,Whitney Miller,23,Electrical,2018,Male,420160323,1096
66bc91a7880716790969d889,Magali41,RNdV6r0TkG0Im3y,146,Edgar Haley,67,Computer Science,2023,Female,9813664668,7339
66bc91b6880716790969d86c,Ruben_Wolf88,aarJ0Ro82kU7fE5,147,Rosalie Homenick I,53,Computer Science,2019,Male,1129872412,1852
66bc91d4880716790969d87a,Sim.Kessler,OqDECwhaGY6PyWM,148,Lana Willms,87,Mechanical,2021,Female,4180507613,4756
66bd136a86f72995c6a81309,Noel95,W7rTZ74ulDz6AIv,149,Bryant Bechtelar,20,Electrical,2011,Male,4112958742,4903
66be17ccf1da91111c169d95,Randal94,sPudH9Xme2ZMr5A,150,Jenny Weissnat,52,Civil,2019,Female,2256758440,2018
66bc893e69f8defd44918e50,Keely76,5ojAVfGDlE57u06,151,Eula Hegmann,71,Civil,2019,Male,5038014368,9009
66bc91a7880716790969d890,Maddison_DuBuque,AL6HOWR_vJZ5dl2,152,Earl Rutherford,66,Computer Science,2023,Female,9109818584,9463
66bc91b6880716790969d86c,Neal53,1C8cVojyyjkv_W4,153,Tim Bergnaum I,48,Mechanical,2015,Male,7488840243,3855
66bc91d4880716790969d87a,Zack.Keebler,D8a6s8sI3DhKwqD,154,Wallace Jenkins,74,Computer Science,2014,Female,2952269732,5731
66bd136a86f72995c6a81310,Maia.Renner,ajWk7_40CJLlAVw,155,Jose Altenwerth,5,Civil,2015,Male,7434965353,6181
66be17ccf1da91111c169d96,Ava_Mueller-Jacobson,Z9LXLqScBy940hu,156,Ms. Verna Walter DDS,11,Electrical,2024,Female,6776321075,3392
66bc893e69f8defd44918e51,Laurel99,TqqRMfhnj1mzidU,157,Ted Cormier,82,Computer Science,2014,Male,8555261544,8400
66bc91a7880716790969d891,Reanna.Skiles,s9B4zToTL4APMzN,158,Carmen Walker,37,Electrical,2021,Female,8386552227,5018
66bc91b6880716790969d86c,Nora85,MWH8q3qrmQ2EC9S,159,Sonia Bergstrom,32,Civil,2016,Male,5828171026,4358
66bc91d4880716790969d87a,Coby.Hermann,tdZd8Qw5TBwSxK_,160,Gayle Kozey,48,Mechanical,2021,Female,9043087096,8493
66bd136a86f72995c6a81311,Candelario.Runolfsson-Senger55,Pt2sF1VfqK7Ib19,161,Edmund Ratke,6,Electrical,2020,Male,5234219023,7449
66be17ccf1da91111c169d97,Jada_Deckow,Cr0HNlTFyUmnjRs,162,Nellie Harvey,23,Electrical,2012,Female,64107085,3685
66bc893e69f8defd44918e52,Rollin.Bednar,j1XQC1FIjCUBnfF,163,Arturo Kilback,40,Civil,2016,Male,1520945523,7232
66bc91a7880716790969d892,Vaughn.Johnson73,3FTywtG6fkIkHdA,164,Ebony Graham,52,Civil,2011,Female,1992275542,6342
66bc91b6880716790969d86c,Lillian31,4FEGvkKaiXeBohd,165,Rolando Kuvalis,78,Computer Science,2017,Male,6222097238,9307
66bc91d4880716790969d87a,Prudence.Grimes,EwHc3PEL6fMmGcn,166,Harold Goldner,21,Civil,2024,Female,261526441,1311
66bd136a86f72995c6a81312,Celestine.Bins,MNKVAm3rQstPZYs,167,Mercedes Torphy,94,Computer Science,2012,Male,1379465227,2071
66be17ccf1da91111c169d98,Karl.Feeney88,6Oh3ixQl_9s5Mdk,168,Ismael Kuhn II,97,Computer Science,2019,Female,992848051,9403
66bc893e69f8defd44918e53,Emmanuel_Cummings,il7uZccM9takK3g,169,Dr. Marsha Braun,7,Computer Science,2015,Male,3595110533,4767
66bc91a7880716790969d893,Shanon.Medhurst96,dNzZKbt6MQRIfIs,170,Hannah Bins,33,Mechanical,2024,Female,5310898044,9887
66bc91b6880716790969d86c,Edmond.Jerde,nlxSvffvk8xNAIo,171,Douglas Bergnaum,83,Computer Science,2014,Male,6060045247,4058
66bc91d4880716790969d87a,Lucas.Kerluke,CpOkDiqEXNzVPLC,172,Bernard Satterfield,33,Mechanical,2019,Female,5141822023,3536
66bd136a86f72995c6a81313,Felicia28,2EcvETleQ5ykqx1,173,Mr. Freddie Aufderhar,6,Computer Science,2018,Male,3525630015,1124
66be17ccf1da91111c169d99,Rasheed.Green,daWk1wcr4cNefpJ,174,Cindy Blick,25,Computer Science,2022,Female,7057440592,1958
66bc893e69f8defd44918e54,Selena.Wilderman96,oNTMHxFVe1TiYlf,175,Paula Leffler,51,Mechanical,2016,Male,3043790654,8477
66bc91a7880716790969d894,Cletus85,cfK6QvjHrFYcVS1,176,Holly Kuhn,1,Electrical,2014,Female,6764410173,8121
66bc91b6880716790969d86c,Rhianna_Schuster14,0UAuLSIfwwagava,177,Frederick Huels,29,Civil,2017,Male,7852142871,7909
66bc91d4880716790969d87a,Juston.Mitchell77,ix4G8z_2cZc8exj,178,Dr. Alton Pacocha,85,Computer Science,2014,Female,4989428922,6258
66bd136a86f72995c6a81314,Macey.Franey66,FbFMCPXRd2Jcsqo,179,Amy Mohr MD,17,Civil,2016,Male,7631211699,9619
66be17ccf1da91111c169d100,Magnolia.Mertz97,nb9CAsCNpMBRBYo,180,Darryl Kuhic,18,Computer Science,2021,Female,3184941233,5605
66bc893e69f8defd44918e55,Charles97,QDbRwaIWCAtLIMy,181,Miss Tara Bernhard,10,Electrical,2024,Male,6679446678,5989
66bc91a7880716790969d895,Clotilde.Gerhold34,srn2nyGpunVy3YI,182,Betsy Blick,36,Civil,2015,Female,9315190698,7864
66bc91b6880716790969d86c,Kathryne95,BxAebsPo95LId45,183,Marion Breitenberg,82,Computer Science,2018,Male,8621101051,7557
66bc91d4880716790969d87a,Kenyatta_Gislason35,PRkiwhAkqTUzg9h,184,Jamie Murphy,74,Mechanical,2018,Female,6688363350,1606
66bd136a86f72995c6a81315,Winfield_Jones,MuP9F1wspMKkNGe,185,Evelyn Corwin-Wunsch Sr.,12,Civil,2024,Male,890002507,3817
66be17ccf1da91111c169d101,Berta5,6WqcQzykdftujYG,186,Colin Turcotte,7,Civil,2011,Female,4454590889,1472
66bc893e69f8defd44918e56,Kariane11,UjtmjJ_3Vez0rGG,187,Dianna Reichel,52,Civil,2014,Male,9328938698,4168
66bc91a7880716790969d896,Agnes.Walker,OLIwca5ezhW7Usv,188,Ms. Arlene Krajcik,82,Computer Science,2016,Female,4517597039,6939
66bc91b6880716790969d86c,Edison_Balistreri,7WnJdKz4hy0NKYh,189,Heidi Kessler,75,Civil,2020,Male,8029312421,8745
66bc91d4880716790969d87a,Antone.Grant13,XgWTn_jTXqWgH2L,190,Steve Gulgowski,4,Computer Science,2012,Female,8996706003,2547
66bd136a86f72995c6a81316,Zoey_Schmeler,smCqcd2mqWF28Gt,191,Gina Hansen,63,Civil,2016,Male,2023116152,9236
66be17ccf1da91111c169d102,Mortimer.Orn0,yHxiIH_qHihBldB,192,Violet Jacobs IV,8,Computer Science,2016,Female,2480314583,4806
66bc893e69f8defd44918e57,Kariane.Emmerich,Aoi8Gg15BDZ7GxW,193,Dr. Nicolas Reichert,37,Mechanical,2011,Male,8358299620,4381
66bc91a7880716790969d897,Enola_Shanahan97,qcGAsjr9Bii4kY0,194,Lewis Nicolas,30,Mechanical,2011,Female,6618878554,8577
66bc91b6880716790969d86c,Norwood32,_ukM9_u0k0Tl0LU,195,Henry Turcotte,80,Civil,2022,Male,5798466694,9073
66bc91d4880716790969d87a,Reynold80,cXP8Mlln7rJ7I5i,196,Felix Jacobi,11,Electrical,2010,Female,8946148608,7634
66bd136a86f72995c6a81317,Alvis.Schulist64,Db59ynJxmWP4khT,197,Dr. Timmy Mertz,80,Computer Science,2013,Male,3677548682,7240
66be17ccf1da91111c169d103,Gladys_Mills-Aufderhar,B8gDlQnT1HgKJIg,198,Elias Monahan,28,Mechanical,2024,Female,5089998634,3157
66bc893e69f8defd44918e58,Ocie45,4ZSR904vcRrIfEm,199,Renee Tromp,23,Civil,2016,Male,9482821105,3643
66bc91a7880716790969d898,Tara24,Kll9HvRtP6vnbhV,200,Donna Willms,91,Civil,2011,Female,7813746249,6477
66bc91b6880716790969d86c,Louvenia5,XnKZbpIboaE2IFE,201,Teresa Kautzer III,84,Computer Science,2011,Male,9585030932,7039
66bc91d4880716790969d87a,Clifford.Jacobs,mNFdCIJaraTQG9Y,202,Orville Witting,47,Civil,2017,Female,1699759242,1893
66bd136a86f72995c6a81318,Jeramy39,KlNVled57FFpWP1,203,Matthew Block,1,Computer Science,2018,Male,8952029616,5000
66be17ccf1da91111c169d104,Rozella_Boyer36,F2Ytg6hbeEx8fsP,204,Angelica Dicki,67,Mechanical,2024,Female,8505157275,7418
66bc893e69f8defd44918e59,Clair.Ferry,JyyEz3OFT7vvA__,205,Laurie Ebert,72,Civil,2020,Male,8854574145,5152
66bc91a7880716790969d899,Carter.Murphy85,9XcHicbzhbdXwYb,206,Ruth Boehm,39,Electrical,2019,Female,3989184519,2070
66bc91b6880716790969d86c,Minnie_Volkman39,br_BQHo61MZgJmO,207,Adam Kessler,16,Computer Science,2021,Male,4825072981,5683
66bc91d4880716790969d87a,Amir_Corwin,dKoV2dwhu32WdpN,208,Lyle Anderson,19,Computer Science,2014,Female,5745048476,2600
66bd136a86f72995c6a81319,Connie_McGlynn29,aWUpnVL2DsZHXFn,209,Jorge Heaney,65,Mechanical,2010,Male,6403376553,1123
66be17ccf1da91111c169d105,Kirsten_Moore,QKCCLGZlKWnIgS_,210,Miss Whitney Hintz,59,Mechanical,2014,Female,4471789914,2984
66bc893e69f8defd44918e60,Brook31,TxkTc_AXjO2QVp0,211,Boyd Koch,10,Computer Science,2010,Male,3830429057,9994
66bc91a7880716790969d900,Davion_Rippin,25pO1I1ySFaIedW,212,Marvin Thiel,29,Computer Science,2020,Female,8535228748,7349
66bc91b6880716790969d86c,Domingo.Ward,fSZfDZh8bwLZ0Sh,213,Valerie Hahn,58,Computer Science,2024,Male,3809210930,6198
66bc91d4880716790969d87a,Laila.Muller69,LSR6O4yKBj_5vAo,214,Chelsea Metz,49,Civil,2013,Female,8678943464,8848
66bd136a86f72995c6a81320,Tobin_Bruen18,NmBMTGjz8_gnlRX,215,Ida Effertz,34,Civil,2020,Male,6363240411,8583
66be17ccf1da91111c169d106,Naomi_Dach44,FMQK8zD1ZaiOz0F,216,Preston Haley,87,Mechanical,2014,Female,5667808318,5986
66bc893e69f8defd44918e61,Arnoldo_Marks,Y_f5lhzuZBNP9SZ,217,Allen Cartwright,33,Electrical,2015,Male,6386912974,5352
66bc91a7880716790969d901,Lionel89,K0Ijxbpe9CuYB1d,218,Mr. Wilson Schuster,11,Computer Science,2018,Female,4915066735,8652
66bc91b6880716790969d86c,Viva55,xdDac62Yqg7moUJ,219,Essie Kozey,66,Mechanical,2021,Male,352605301,8799
66bc91d4880716790969d87a,Duncan.Hintz,jNYkAABakq0Mdd8,220,Jerome Farrell,15,Electrical,2023,Female,1856563314,7329
66bd136a86f72995c6a81321,Dawson.Glover29,uFQAl_1e7avz3H1,221,Audrey Nicolas,13,Civil,2016,Male,1584658222,9650
66be17ccf1da91111c169d107,Quinn.Hintz,yjpZjKFZfhcJ0tN,222,Kelley Torp,95,Civil,2018,Female,1248269650,1754
66bc893e69f8defd44918e62,Macy_Denesik,2RJmtVbRCkS8AHw,223,Theodore Cummings,15,Computer Science,2013,Male,9613410277,3648
66bc91a7880716790969d902,Keara_Pacocha73,Bdb82ZM3EAD9Fgy,224,Reginald Bradtke,1,Computer Science,2012,Female,9704178845,5832
66bc91b6880716790969d86c,Duncan_Weber73,uMTOlGtBYtKU8Q9,225,Harvey Franey,54,Civil,2016,Male,1426837821,9778
66bc91d4880716790969d87a,Arnaldo_Cremin,V8vF71q7B_YXTFc,226,Amelia Lockman-Block,39,Mechanical,2020,Female,1681459130,1724
66bd136a86f72995c6a81322,Gerry.Funk,iK9pcZTgvc02Tgy,227,Rosemary Dicki DDS,10,Computer Science,2016,Male,3995215039,1836
66be17ccf1da91111c169d108,Raheem64,SF1a2AOJ_fT_8I6,228,Bertha Prohaska,8,Mechanical,2018,Female,1147363921,6189
66bc893e69f8defd44918e63,Dora65,kAAIFjBt3lXV4s_,229,Mr. Dallas Fritsch,2,Mechanical,2020,Male,1453539388,2296
66bc91a7880716790969d903,Keyon_Blanda71,FNTMhANSxD6wiH9,230,Rogelio Johns,83,Computer Science,2015,Female,9111936618,9956
66bc91b6880716790969d86c,Ocie32,P7aOR2iStrabU5G,231,Gail Marquardt,80,Mechanical,2024,Male,9768450432,4998
66bc91d4880716790969d87a,Ludie_Jaskolski,rEf668nXFB2rjgE,232,Peggy Metz,45,Mechanical,2021,Female,6544742334,6053
66bd136a86f72995c6a81323,Harvey_Keebler,MfIpLCsi7G4imUF,233,Terri Veum,61,Civil,2011,Male,2995248070,7222
66be17ccf1da91111c169d109,Eda6,nTIZFLDIfCEsKMY,234,Milton Nitzsche,5,Computer Science,2015,Female,4623826379,8103
66bc893e69f8defd44918e64,Liana_Anderson,CguatDiCUNKaN7L,235,Kristi Kling,96,Mechanical,2013,Male,7666185075,6520
66bc91a7880716790969d904,Morris.Spinka86,w2D661uPso_LFmH,236,Bertha Hamill,22,Computer Science,2019,Female,5561682841,6464
66bc91b6880716790969d86c,Ally_Von55,b_H1fmEgEbDshbd,237,Mindy Bergnaum,84,Civil,2011,Male,3521991831,3506
66bc91d4880716790969d87a,Jace_Runolfsdottir5,Wn2PbqfgK79cJqz,238,Richard Bechtelar,18,Civil,2017,Female,3350591578,9049
66bd136a86f72995c6a81324,Khalid_Gottlieb13,rbdcnRatsZmsJBp,239,Vera Ruecker,42,Electrical,2011,Male,7506778371,2187
66be17ccf1da91111c169d110,Ike_Schimmel29,5lgv2pheNj3ZNQb,240,Patricia Mosciski,54,Electrical,2021,Female,1567460889,9719
66bc893e69f8defd44918e65,Candace_Baumbach3,LXf2tFPbHGOxgW6,241,Adrienne Denesik MD,39,Computer Science,2023,Male,1073753040,7030
66bc91a7880716790969d905,Leslie.Mertz36,7c03M3n7lQtvziE,242,Maryann Lubowitz,22,Electrical,2011,Female,8212265528,3088
66bc91b6880716790969d86c,Oren.Daniel,LR2VKV_6RA7ZPyQ,243,Raymond Ward,19,Electrical,2013,Male,8200976301,4372
66bc91d4880716790969d87a,Geovanni83,PopOionieq2v5vP,244,Darren Homenick,43,Civil,2011,Female,8800277944,8460
66bd136a86f72995c6a81325,Rozella.Braun89,viHKnIU9KyXm2W8,245,Woodrow Runte,12,Electrical,2010,Male,9561438715,9033
66be17ccf1da91111c169d111,Zion58,MqigVAUQZdL_pR5,246,Janis Miller PhD,48,Computer Science,2013,Female,4707646129,5213
66bc893e69f8defd44918e66,Nina_Schneider,TjHXa7QPwGv2ZW5,247,Ms. Charlotte Kris,38,Civil,2015,Male,2933124758,7130
66bc91a7880716790969d906,Salma.Grant,s9OvY6VAuty4ND8,248,Lori Feil,96,Civil,2021,Female,7985194421,1108
66bc91b6880716790969d86c,Jacky.OKon,m4d7X2tritKvtA2,249,Kellie Fahey,30,Electrical,2012,Male,8013808944,1613
66bc91d4880716790969d87a,Donato_Gorczany,cYQDvFmcoA2vL7g,250,Mr. Benny Kilback,47,Computer Science,2012,Female,8849881253,8886
66bd136a86f72995c6a81326,Eldon88,ZbipS2oBbk9mb4_,251,Antonia Krajcik,9,Computer Science,2023,Male,1632902481,6272
66be17ccf1da91111c169d112,Lorenz_Fisher,7LHr5l3ra_eUmKo,252,Lorene Lubowitz,75,Computer Science,2016,Female,9333457663,7186
66bc893e69f8defd44918e67,Devin_Rempel,901oUkkczprsg6G,253,Penny Quigley,13,Electrical,2020,Male,4174797218,5591
66bc91a7880716790969d907,Saul.White,kaNWKZ5B_Y1nOCK,254,Maria Schiller,88,Mechanical,2010,Female,909441174,6707
66bc91b6880716790969d86c,Dawn77,muzVlSGnsFlRHUl,255,Leslie Ruecker,52,Civil,2023,Male,4140851576,4881
66bc91d4880716790969d87a,Juliana_Kunze,qc_dYyKTskEmRAl,256,Gerardo Huel,94,Electrical,2021,Female,7435409227,8546
66bd136a86f72995c6a81327,Antonette_Connelly,_80qYE7TUYzEsXG,257,Leo O'Conner,84,Computer Science,2018,Male,7390922498,1013
66be17ccf1da91111c169d113,Chelsey.Larkin-Wunsch86,pwEJ9GPB2I8S4XJ,258,Nellie Gutkowski,83,Electrical,2024,Female,7983560986,1730
66bc893e69f8defd44918e68,Bernadine_Hartmann,bNWWOuPj4MkhYDL,259,Annie Dickinson,75,Mechanical,2010,Male,4897918711,8778
66bc91a7880716790969d908,Violet44,9vQS3wMMZKe0FeU,260,Diana Hilpert,61,Mechanical,2022,Female,8228194439,9649
66bc91b6880716790969d86c,Kayley64,7nHs52SGhKoF_Pa,261,Justin Huel DVM,82,Mechanical,2022,Male,1603309199,5904
66bc91d4880716790969d87a,Skye.Greenfelder46,tfko9W7Gsk_DRF3,262,Allan Schroeder,32,Computer Science,2012,Female,1998003258,1895
66bd136a86f72995c6a81328,Dion.Cormier6,WY1bPu0ilNi4_DH,263,Elmer Emard,68,Civil,2012,Male,7640037411,3415
66be17ccf1da91111c169d114,Jordon38,xeZycC2GDq8740m,264,Pauline Labadie,20,Mechanical,2012,Female,8925532513,3689
66bc893e69f8defd44918e69,Gwendolyn.Hackett48,ExPk3o95c8gi4l9,265,Derrick Zemlak,75,Civil,2023,Male,5090823655,8669
66bc91a7880716790969d909,Enrico69,lIiUbIKlyyYVOlN,266,Pablo Nitzsche,21,Mechanical,2012,Female,21322093,4200
66bc91b6880716790969d86c,Lily.Brekke21,QyGE7i04mLj5OGK,267,Sara Stroman,19,Civil,2011,Male,8210738246,8519
66bc91d4880716790969d87a,Gabe5,M1ThvfI16aWIdDh,268,Alan Wisoky,92,Civil,2012,Female,3347106553,7066
66bd136a86f72995c6a81329,Ardella.Schinner38,FqW9TZ2I74g4wHz,269,Forrest Grimes,74,Civil,2012,Male,6763055059,1728
66be17ccf1da91111c169d115,Orrin68,cIXwQgvp0K5Nedx,270,Whitney O'Hara MD,63,Civil,2015,Female,4670880618,2543
66bc893e69f8defd44918e70,Dorothea23,SgRZJid0g514j5a,271,Marcia Hills,10,Civil,2022,Male,9393639924,2742
66bc91a7880716790969d910,Waylon.Schultz60,x7nIb5omNcx1KYq,272,Dominic Turcotte,60,Civil,2015,Female,5984520169,8886
66bc91b6880716790969d86c,Summer.Prosacco14,zxeB04vRcX_UM9x,273,Kristine Klocko,20,Electrical,2024,Male,6628646396,7682
66bc91d4880716790969d87a,Loyal_Nolan9,KWkxY5SaGrQUg7r,274,Mrs. Melinda Emmerich,34,Computer Science,2022,Female,7071923441,4353
66bd136a86f72995c6a81330,Roxanne_MacGyver,ax78CRov1e7klzQ,275,Pat Emard,10,Mechanical,2018,Male,1767486853,8002
66be17ccf1da91111c169d116,Janis.Brekke,eqJS7eec7QmXGNP,276,Emilio McLaughlin,63,Electrical,2016,Female,6281740755,6524
66bc893e69f8defd44918e71,Verner.Lindgren47,WgYJ7wVr2Oylfv4,277,Mr. Jon Klocko,84,Computer Science,2024,Male,4481587972,3818
66bc91a7880716790969d911,Bianka_Mann,6X3nw6lkHfshubM,278,Ann Kutch,60,Mechanical,2019,Female,8777443985,7752
66bc91b6880716790969d86c,Allie_Morissette11,Mwsc3loSWx6hN9_,279,Becky Emmerich,95,Mechanical,2012,Male,6285575864,8068
66bc91d4880716790969d87a,Abbey38,ZJuPQyCXtnX3ymr,280,Rosemarie Hand,14,Civil,2011,Female,11476327,7358
66bd136a86f72995c6a81331,Urban_Graham,F7eiyD5J1yINgXY,281,Josh Crona Jr.,56,Mechanical,2019,Male,5594595819,7293
66be17ccf1da91111c169d117,Nelson_Streich58,n3xhMVGKOM_tgoa,282,Ivan King,26,Computer Science,2012,Female,1696324807,9857
66bc893e69f8defd44918e72,Estelle41,bxkLILJC1WciKw2,283,Leroy Dicki,35,Electrical,2021,Male,9365898264,3877
66bc91a7880716790969d912,Benedict.Robel99,4OKRl1gZox0lEzJ,284,Freddie Bergnaum,32,Electrical,2022,Female,5136922890,1829
66bc91b6880716790969d86c,Karlee.Jacobson,useYYilY7skBL7y,285,Jenny Stoltenberg,20,Civil,2010,Male,6490077454,4571
66bc91d4880716790969d87a,Mose_Crist,AG_t2gdf_UPHR6n,286,Monica Wiegand,88,Computer Science,2018,Female,2871410992,1234
66bd136a86f72995c6a81332,Johnny_OKon7,E2RRMzpMlFWvR1e,287,Mr. Grant Ziemann,6,Computer Science,2012,Male,9961555535,8852
66be17ccf1da91111c169d118,Cali_Lemke,yeCP_dNTgg38pHB,288,Elias Miller Jr.,95,Civil,2020,Female,4347273303,7633
66bc893e69f8defd44918e73,Grace_Leuschke,QlY3SEETmNATjcY,289,Brendan Rutherford,64,Computer Science,2021,Male,8961805365,2674
66bc91a7880716790969d913,Lexi_Metz76,85olAhsjf8hXa6n,290,Freddie Rohan,9,Civil,2014,Female,9332955548,9494
66bc91b6880716790969d86c,Braeden25,Ud5qi7rAJCbh_Jy,291,Alfred Cartwright Jr.,43,Computer Science,2023,Male,3318549369,6351
66bc91d4880716790969d87a,Ebony97,EcmQapVmch2_NFv,292,Laura Hamill,50,Mechanical,2015,Female,9643295059,3181
66bd136a86f72995c6a81333,Lurline89,Z_I4FT83EV1HDyc,293,Melissa Schowalter,11,Civil,2023,Male,8163704386,7264
66be17ccf1da91111c169d119,Zoie_Wolf-Padberg,F1eNq2waGAOoBHd,294,Todd Daugherty MD,97,Electrical,2010,Female,4078719126,9441
66bc893e69f8defd44918e74,Mittie_Harber,0QZMUP6t5mX1G_H,295,Sherman Medhurst,80,Mechanical,2024,Male,4434268907,4288
66bc91a7880716790969d914,Hans.Marvin-Christiansen10,vimdIjFxf9Nw7R5,296,Muriel Sauer,99,Electrical,2016,Female,1233031188,3038
66bc91b6880716790969d86c,Ethyl66,2_iAAcgm5XJ3UoO,297,Arnold Herman,81,Computer Science,2013,Male,572288204,8809
66bc91d4880716790969d87a,Zakary_Emmerich95,_xHYZYUG6SDIO13,298,Rosemarie Green,35,Electrical,2012,Female,881092441,3793
66bd136a86f72995c6a81334,Giovanny_Jacobson,Wq2PmkUH6wXz5bM,299,Vanessa Johnston,67,Electrical,2012,Male,2959317865,5321
66be17ccf1da91111c169d120,Kameron_Russel,FJEI3FQB7oE0qDh,300,Judy McDermott,29,Civil,2019,Female,9300123002,2916
66bc893e69f8defd44918e75,Lila_Halvorson,QPaJJgDlm15HfDE,301,Dr. Dorothy Bahringer,77,Computer Science,2024,Male,5156850169,5933
66bc91a7880716790969d915,Brain.Mohr20,jGsE3uRQAO1uMrj,302,Nadine Block,28,Computer Science,2014,Female,4108742138,6834
66bc91b6880716790969d86c,Blaise.Green,w65ibp8I6ZTDgzi,303,Ryan Treutel,8,Computer Science,2014,Male,6923756860,6565
66bc91d4880716790969d87a,Kaycee_Brekke54,2LAtV91g3Y_UMjO,304,Mr. Jim Schaefer,83,Civil,2023,Female,553767994,3700
66bd136a86f72995c6a81335,Orland70,pWvxCjOF9uyOm5s,305,Kristy Cronin,29,Civil,2014,Male,3461837301,8603
66be17ccf1da91111c169d121,Price.Hegmann-Pollich59,qxKqQ4m8QWYGiwj,306,Henrietta Ward,39,Mechanical,2014,Female,6831293593,2513
66bc893e69f8defd44918e76,Dario_Runolfsson,_QFWnCLu0i5nDOl,307,Martin Goyette,5,Civil,2012,Male,1209857213,8703
66bc91a7880716790969d916,Cullen.Littel,Bl373jqntxNPiWC,308,Jamie Willms,43,Civil,2012,Female,3585574871,4696
66bc91b6880716790969d86c,Carey_Ritchie19,LtDUzN7t8RWcJSF,309,Terrence Cummings,31,Mechanical,2012,Male,8892676784,9279
66bc91d4880716790969d87a,Sterling_Kub71,KCp8NzMWKfFDME0,310,Eduardo Mohr,96,Civil,2024,Female,5070068563,7851
66bd136a86f72995c6a81336,Julien46,C6kHgUQzrRJef1r,311,Clifford Williamson,54,Civil,2013,Male,9922026500,2504
66be17ccf1da91111c169d122,Nelson.Homenick42,oavRIfbEAt1pAkJ,312,Regina Weimann PhD,47,Civil,2014,Female,6809737084,8010
66bc893e69f8defd44918e77,Raul.Graham,sG8HSIWbjhkYJwb,313,Kimberly Bartell,26,Mechanical,2022,Male,6799337255,8696
66bc91a7880716790969d917,Americo50,ES4mEDAu681TPNe,314,Sylvester O'Hara,35,Civil,2024,Female,5380766735,6101
66bc91b6880716790969d86c,Gianni.Douglas,LwKbXNcNSZSJEcd,315,Nina Farrell,53,Mechanical,2011,Male,9570846734,9648
66bc91d4880716790969d87a,Cleora71,o2GIMUoajttj0iX,316,Gretchen Kilback,96,Computer Science,2016,Female,4491990980,6186
66bd136a86f72995c6a81337,Gardner.Stracke43,dURlIMj3YNNsZ_Q,317,Tracey Jenkins,70,Computer Science,2019,Male,9630023657,6013
66be17ccf1da91111c169d123,Anya38,5wpl8ZZDHi1erZJ,318,Ken Casper,93,Computer Science,2024,Female,9735180706,3916
66bc893e69f8defd44918e78,Jimmy.Flatley40,x5eaiGZeCrUJJkD,319,Matt Robel-Spencer Sr.,43,Mechanical,2019,Male,1049407503,7358
66bc91a7880716790969d918,Xander70,fCAYOBtxyttenfh,320,Karl Friesen,51,Computer Science,2012,Female,6521757890,6102
66bc91b6880716790969d86c,Dina.Pollich96,E1R0WMpWuAFQLwU,321,Bethany Weber,2,Electrical,2018,Male,9877661072,5245
66bc91d4880716790969d87a,Martin60,XGBVzB1f3_ocvoI,322,Walter Braun,9,Computer Science,2019,Female,6545368400,8252
66bd136a86f72995c6a81338,Richie.Cronin,HyuTQ6mkrHZcjDe,323,Kerry Christiansen,42,Civil,2019,Male,2546951546,1699
66be17ccf1da91111c169d124,Rene_Mertz,i9Jbofpe_kVKOPu,324,Grace Collier,15,Electrical,2018,Female,5362029879,1626
66bc893e69f8defd44918e79,Willis.Doyle0,be6avDRH0xOdCob,325,Adrienne Bechtelar,50,Computer Science,2011,Male,9891044162,7998
66bc91a7880716790969d919,Linwood_Zemlak26,PUn6fslnY_acV25,326,Olga Murray,63,Computer Science,2017,Female,3609703469,6229
66bc91b6880716790969d86c,Vance_Kihn,HS21OGh0styp1Vw,327,Michael Littel,88,Electrical,2016,Male,6972641908,2405
66bc91d4880716790969d87a,Bessie_Hessel,w02VIyQS21UElFF,328,Miss Marta Stracke,34,Civil,2010,Female,387646480,7314
66bd136a86f72995c6a81339,Pat28,78nWyLbBWTrXokB,329,Johnny Green,73,Computer Science,2011,Male,958298551,4962
66be17ccf1da91111c169d125,Garrett_Halvorson85,9YYhxoFeCuOh0__,330,Michael Balistreri,63,Mechanical,2022,Female,7409243489,3401
66bc893e69f8defd44918e80,Mina_Vandervort41,rPQkYOL0g3V3eG7,331,Linda Gleichner V,97,Mechanical,2017,Male,6096932667,2868
66bc91a7880716790969d920,Eusebio.Stokes26,QnjAjbWKgM0gC1j,332,Brandi King,44,Mechanical,2010,Female,1071711358,5642
66bc91b6880716790969d86c,Winston90,KCukOzbPKtpym_J,333,Norman Powlowski,33,Computer Science,2023,Male,7780854373,5983
66bc91d4880716790969d87a,Elfrieda48,HNux2g1OctTuRSI,334,Lana Gutmann,37,Mechanical,2010,Female,8205039062,8123
66bd136a86f72995c6a81340,Sydni.Ullrich98,u00j3WSrCcf_MY6,335,Ervin Ritchie,30,Computer Science,2022,Male,3488361497,3356
66be17ccf1da91111c169d126,Constantin.Mayer13,6Yt_pobZZoOFLsO,336,Frederick Sipes,87,Electrical,2019,Female,9743705002,8938
66bc893e69f8defd44918e81,Leon22,dISrkY7WnAFFntA,337,Ms. Sonya Orn,23,Electrical,2015,Male,1970778559,3072
66bc91a7880716790969d921,Milan.Lindgren1,Y8N7b0vBww3Sl7i,338,Candice White,63,Computer Science,2019,Female,1312576256,7452
66bc91b6880716790969d86c,Karli.Bergnaum,t8cOwDIbhMXiWpV,339,Marion Keeling-Koelpin,74,Electrical,2024,Male,4628675864,2350
66bc91d4880716790969d87a,Clemens0,uWnSrFach1W75Mj,340,Wilson Zemlak,76,Computer Science,2017,Female,3926442705,1571
66bd136a86f72995c6a81341,Deanna.Boehm,uCCoYci87K0PtnT,341,Georgia Mills,89,Mechanical,2023,Male,6081094794,4775
66be17ccf1da91111c169d127,Halle.Reynolds,OEkha7dccbKDgPi,342,Marie Crooks,26,Mechanical,2020,Female,6053295976,1535
66bc893e69f8defd44918e82,Virginia.Haley,y42_FuS4ndb2YZ1,343,Terry Schmeler,99,Electrical,2010,Male,9500461101,4398
66bc91a7880716790969d922,Porter40,5hwkwlbXiAf33eQ,344,Helen Bauch,11,Civil,2019,Female,7790181043,3548
66bc91b6880716790969d86c,Akeem.Pollich,5o1mDOYshtQ3lfk,345,Wade Hilpert,72,Computer Science,2019,Male,6852289712,4522
66bc91d4880716790969d87a,Deshaun69,hVWRb55Xhkkl7K0,346,Benjamin Heathcote,72,Civil,2023,Female,3124039890,8048
66bd136a86f72995c6a81342,Sven_Heathcote,Ei85WHaDxcWl_B7,347,Orville Weissnat,41,Electrical,2018,Male,2434632847,7305
66be17ccf1da91111c169d128,Buford_VonRueden,Jiy8uWrj08AbHcZ,348,Debbie Grimes,99,Civil,2022,Female,7965783916,4496
66bc893e69f8defd44918e83,Gerson_Kulas,YxkDAMHoYnkNufz,349,Rosemary Weimann III,58,Computer Science,2018,Male,4133689230,9930
66bc91a7880716790969d923,Marta19,6NipOu3kX1AfvqF,350,Salvatore Ward,60,Mechanical,2019,Female,7093979956,7067
66bc91b6880716790969d86c,Murl_Ruecker,XM5apReNlRz2WEr,351,Edmund Barton,56,Mechanical,2014,Male,9408682675,3474
66bc91d4880716790969d87a,Adell.Kiehn,5uNxAWNE2M1DCUC,352,Leland Collier,36,Civil,2021,Female,155782835,5483
66bd136a86f72995c6a81343,Mario59,jeEH34CViVHOJkV,353,Salvatore Weber,67,Civil,2021,Male,2511125645,5831
66be17ccf1da91111c169d129,Josiane79,YLo6CLcegDDRdSp,354,Blanca Gutmann,9,Mechanical,2013,Female,8377372132,7612
66bc893e69f8defd44918e84,Lane_Mitchell,3H62bDqn1D2q18s,355,Mable Boehm-Murazik,27,Computer Science,2020,Male,5253472489,4407
66bc91a7880716790969d924,Nikko.Auer77,I8sKAORN_kC5pck,356,Debbie Will-Schneider,99,Civil,2012,Female,6486397412,5892
66bc91b6880716790969d86c,Leola87,bG02i0LRQkAioXK,357,Miriam Pfeffer,20,Civil,2018,Male,2083369017,1634
66bc91d4880716790969d87a,Amely15,Bvcf0NUQvhrC6eX,358,Dr. Emmett Romaguera,28,Civil,2016,Female,1308295915,9025
66bd136a86f72995c6a81344,Emmalee.Wisozk88,tiF0ZCbfxaXcTsE,359,Joann Purdy,10,Electrical,2012,Male,1582985130,8281
66be17ccf1da91111c169d130,Harley46,7rMVbCP6uIfwTZR,360,Derek Carroll II,98,Mechanical,2021,Female,9381228028,9418
66bc893e69f8defd44918e85,Ivy.Quigley36,9Kx6XnbDVrjqHfa,361,Gregg Auer,80,Electrical,2024,Male,8965230916,1907
66bc91a7880716790969d925,Jovan85,b90fE71uUMw5yDs,362,Zachary Baumbach III,51,Civil,2011,Female,914140317,1342
66bc91b6880716790969d86c,Genesis_Reichel28,RNpAfVcTzFNH33H,363,Darnell Kirlin IV,16,Civil,2022,Male,1682447336,4109
66bc91d4880716790969d87a,Zachary.Schmidt,Mp0QWA_TEZLR9sg,364,Dr. Barry Bogan,31,Mechanical,2020,Female,5355300708,4868
66bd136a86f72995c6a81345,Lamar.Brown,5fyWBcAxeTDgvlZ,365,Joe Mante,64,Electrical,2022,Male,9039272080,5405
66be17ccf1da91111c169d131,Emely_Gusikowski6,HeNtQOz7V2X44qd,366,Terry Morar,76,Mechanical,2013,Female,1183049815,6561
66bc893e69f8defd44918e86,Geo87,Lgr1yyD8yEq75Vx,367,Joe Hermiston,43,Computer Science,2012,Male,3244715595,9659
66bc91a7880716790969d926,Kristoffer.DAmore,_ptA0w_R1Uhdznb,368,Ms. Lela Bogan,7,Mechanical,2014,Female,9443323177,3337
66bc91b6880716790969d86c,Curt.Bayer90,zbGP9lXEMIJ0iHv,369,Courtney Mayert I,53,Computer Science,2020,Male,1605741424,7826
66bc91d4880716790969d87a,Herta15,iK0Z2FORMfwDQsb,370,Mrs. Pamela Cartwright PhD,46,Electrical,2014,Female,2887984894,8139
66bd136a86f72995c6a81346,Carrie.Prohaska18,8DxNBSTFGo3Dnz0,371,Darryl Feest,42,Mechanical,2010,Male,908342435,7683
66be17ccf1da91111c169d132,Marcos83,skJ1ovplvgLu9TO,372,Susie Wyman,72,Civil,2018,Female,6076736595,8785
66bc893e69f8defd44918e87,Earline71,92sSfg3p3DWIeNu,373,Karl Marks,80,Civil,2021,Male,3841743884,8277
66bc91a7880716790969d927,Kristina_Hirthe51,8gOXp4O_EB02QQY,374,Pat Prohaska MD,66,Computer Science,2021,Female,8098905565,3369
66bc91b6880716790969d86c,Jordy25,S9E_pUtvkKcaUyT,375,Shawn Cassin,34,Mechanical,2023,Male,2286124135,1772
66bc91d4880716790969d87a,Mafalda77,4cXeNuLrVbMyKK4,376,Dr. Jan White,65,Computer Science,2020,Female,3348381839,3316
66bd136a86f72995c6a81347,Kurt.Tromp,p3xwdrFIwRxy53b,377,Alan Schmidt,80,Civil,2017,Male,1192579739,2699
66be17ccf1da91111c169d133,Armando1,DmHVV7tc8OX51g9,378,Marie Hoeger,77,Mechanical,2010,Female,1051919826,6345
66bc893e69f8defd44918e88,Helga.OKeefe,6RisI7AjpWr6V7x,379,Hugh Schamberger,27,Mechanical,2016,Male,6556548461,5079
66bc91a7880716790969d928,Stefanie68,7XTxXlerAghZeu9,380,Eric Mohr,47,Computer Science,2012,Female,2924926823,6584
66bc91b6880716790969d86c,Lazaro63,Bpsh9A8x9jtN32s,381,Trevor Kuphal,75,Civil,2011,Male,9414005957,2632
66bc91d4880716790969d87a,Lynn16,6o_Gbzo4jo2uCNw,382,Marsha Kovacek,48,Electrical,2017,Female,7384947957,4626
66bd136a86f72995c6a81348,Leola_Collier54,YJOb_zfRSZ0S_0W,383,Dan McGlynn-Streich,22,Computer Science,2024,Male,9356318167,2490
66be17ccf1da91111c169d134,Kailey.Harris,YYmfCfe1ktfb2g9,384,Kelli Murray III,71,Computer Science,2022,Female,8777114450,5606
66bc893e69f8defd44918e89,Frank13,G_qi3Xa2cc1Re3C,385,Alberta McCullough DVM,35,Mechanical,2020,Male,8201283893,3408
66bc91a7880716790969d929,Mollie.Rath76,NibQO3VEiKVlHl6,386,David Kassulke,40,Computer Science,2011,Female,101575382,7421
66bc91b6880716790969d86c,Anahi13,qKKHh6nukwYxUCf,387,Miss Michelle Becker,95,Civil,2017,Male,583669169,2082
66bc91d4880716790969d87a,Martine_Pagac,NEzw3hgDRA0Z55I,388,Charlene Kling,40,Computer Science,2011,Female,8873433556,1403
66bd136a86f72995c6a81349,Carson83,OM19hAzRKD8nHRi,389,Judy Rosenbaum,90,Civil,2022,Male,4155495621,4968
66be17ccf1da91111c169d135,Brown_OKeefe,2vSvw6NJA1szDVt,390,Vera Berge,15,Mechanical,2010,Female,54141776,8480
66bc893e69f8defd44918e90,Dedrick.Howell,4QUz6sGZ541Q1Ee,391,Deborah Corwin,50,Computer Science,2018,Male,9352732356,8907
66bc91a7880716790969d930,Moses5,jAjKifL2BFf9uLd,392,Miss Kari Weimann,2,Civil,2012,Female,853745647,3825
66bc91b6880716790969d86c,Norbert66,bthvfeDf_uvlWnq,393,Ruby Pagac,91,Civil,2019,Male,3117176301,8876
66bc91d4880716790969d87a,Sandrine_Douglas,P3fkjXRt5Vcc2EM,394,Woodrow Larkin,74,Computer Science,2016,Female,8759569474,4176
66bd136a86f72995c6a81350,Retta49,_0qywJFlGhPdZsj,395,Omar Sporer,96,Civil,2020,Male,5995499526,6675
66be17ccf1da91111c169d136,Ezequiel.Swift58,OaccJtG0LjRbaOP,396,Shannon Feeney II,85,Computer Science,2019,Female,2510948054,9866
66bc893e69f8defd44918e91,Lottie.Terry,wlHBQ0Tmkwm9AZB,397,Inez Rempel,69,Computer Science,2011,Male,1743828145,6681
66bc91a7880716790969d931,Queen_Renner76,dPAMHMYbt1IoUvC,398,Brendan Watsica,31,Computer Science,2020,Female,346966762,2863
66bc91b6880716790969d86c,Cleora11,csyCdtfuZ_HXGQW,399,Roosevelt Emmerich,75,Computer Science,2016,Male,7931642710,4309
66bc91d4880716790969d87a,Eileen69,hX0hHhyYawP8e0J,400,Alexander Luettgen-Daniel,62,Civil,2010,Female,2641750320,1536
66bd136a86f72995c6a81351,Lazaro.Kreiger11,DVir1JfeP_wXnVU,401,Lance Mayert,49,Civil,2012,Male,1258064315,9234
66be17ccf1da91111c169d137,Winfield.Rowe,wWXTVr1cZQuJGe2,402,Loretta Block,29,Mechanical,2013,Female,6065200342,3838
66bc893e69f8defd44918e92,Garrison.Schmidt6,8DXNH3YO8aHsTnu,403,Nick Wisoky MD,32,Electrical,2013,Male,5263995218,9925
66bc91a7880716790969d932,Agustin.Koepp,zkza_I3XvYKrXEr,404,Alberta Thompson,86,Electrical,2010,Female,7098144735,3461
66bc91b6880716790969d86c,Marian_Cremin26,bfk3EK3AqZgfLqW,405,Miguel Hauck III,20,Civil,2024,Male,5534763398,2168
66bc91d4880716790969d87a,Modesta.Heller,8HpPGus1YZQtr7T,406,Ms. Ora Sporer,72,Civil,2023,Female,8078538867,3462
66bd136a86f72995c6a81352,Carmela3,TaQRPTO1VP0nDk5,407,Hilda Harris,28,Computer Science,2013,Male,1796225820,6674
66be17ccf1da91111c169d138,Andre90,3kftgwICVJdCHxe,408,Cynthia Haley,54,Electrical,2019,Female,550894885,9112
66bc893e69f8defd44918e93,Andrew_Welch,GYWZ5ibfOiBLC80,409,Marcos McClure,28,Civil,2015,Male,6009210026,7419
66bc91a7880716790969d933,Hudson.Howe,9qSN4jjrGIdurcB,410,Loren Treutel,8,Civil,2015,Female,9494677644,6429
66bc91b6880716790969d86c,Nakia.Miller65,zL2BawrFT9uPJ00,411,Franklin Franey,91,Mechanical,2023,Male,6020205558,9714
66bc91d4880716790969d87a,Aron99,jJqw5CjRUfsbgp0,412,Deborah Hickle,26,Civil,2012,Female,4420344471,7027
66bd136a86f72995c6a81353,Camron24,cRzTAvwbjiU2wPr,413,Kari Collier,8,Electrical,2018,Male,8026035070,3900
66be17ccf1da91111c169d139,Marisol94,Pob6T_Bn0Cia36X,414,Josh Kreiger V,37,Civil,2020,Female,1441169038,5221
66bc893e69f8defd44918e94,Eliseo59,5hZylA_hH6DR1zB,415,Toby Lowe,97,Electrical,2017,Male,676319685,3739
66bc91a7880716790969d934,Destinee_Doyle39,PaILEhURQn1gvkV,416,Irene Powlowski,68,Electrical,2019,Female,2497345575,7298
66bc91b6880716790969d86c,Zion_Rogahn52,HvCrGs2oGClJLGj,417,Delbert Turcotte,46,Mechanical,2020,Male,4223003176,4270
66bc91d4880716790969d87a,Merle_Rolfson,J_G4zITEFbI9Wb4,418,Ebony MacGyver,99,Civil,2022,Female,5621833537,9842
66bd136a86f72995c6a81354,Kevon9,w5n3JnSiUq3BCvC,419,Brad Schmitt-Bartoletti,28,Computer Science,2017,Male,9606799727,3750
66be17ccf1da91111c169d140,Matt95,a_Rrjshfdyhh7uS,420,Mrs. Angel Hudson,90,Computer Science,2022,Female,8965239067,1784
66bc893e69f8defd44918e95,Samson51,2tScJGFN4Nx58nE,421,Craig Mann,61,Electrical,2021,Male,4051321645,4518
66bc91a7880716790969d935,Izaiah_Ankunding25,8REwmpB2TaGmGZC,422,Sadie Mohr,45,Civil,2020,Female,8487671183,9251
66bc91b6880716790969d86c,Eino_Shanahan97,CY34pFKgcBZeC6k,423,Mr. Hector Ruecker,22,Mechanical,2020,Male,7774706245,2845
66bc91d4880716790969d87a,Marie_Kilback38,8cg5zxds9xNdsBQ,424,Kevin Kunze,46,Mechanical,2022,Female,7412263576,1433
66bd136a86f72995c6a81355,Devan.Cartwright,JxIWiyv8wdXjgvl,425,Jonathon Skiles,46,Computer Science,2011,Male,6577532748,7987
66be17ccf1da91111c169d141,Juwan.Daugherty,9E8JOyvAg6WalU2,426,Rolando Mills,19,Mechanical,2016,Female,5302687377,2986
66bc893e69f8defd44918e96,Mckayla_Murray40,qtFrYk2AuHFNpZw,427,Jody Kessler,26,Mechanical,2024,Male,2971003942,7716
66bc91a7880716790969d936,Meghan_Raynor30,iEmYmNK8RwGvDpc,428,Krista Kozey,76,Computer Science,2023,Female,8910654466,7705
66bc91b6880716790969d86c,Dena_Hyatt18,AvsdLjtrKRNuyeF,429,Pam Doyle-Runolfsdottir DDS,5,Civil,2015,Male,4334279735,7095
66bc91d4880716790969d87a,Roy.Parker,shxjt66Z_F2glh7,430,Cary Harber,53,Computer Science,2023,Female,8236508789,6371
66bd136a86f72995c6a81356,Veda_Bauch8,Lkxz9G53T25N0Bg,431,Lena Hagenes,94,Computer Science,2010,Male,9973069533,3194
66be17ccf1da91111c169d142,Wellington.Goldner,6VdiejldXwI6kGe,432,Mr. Leon Yost,65,Electrical,2011,Female,8288091330,6448
66bc893e69f8defd44918e97,Forrest12,ZuD49yiWmDfiAxi,433,Jeffery Christiansen,19,Civil,2020,Male,5526168889,6546
66bc91a7880716790969d937,Lucius_Stoltenberg,5oCHGSfCSMXb2rz,434,Bob Halvorson,69,Mechanical,2013,Female,5917418962,6878
66bc91b6880716790969d86c,Foster30,OgrBFImVsSe5N4k,435,Alyssa Lind,34,Mechanical,2017,Male,2313606674,3752
66bc91d4880716790969d87a,Kamron.Batz50,BFQ1KfOK7e1Z_mT,436,Dominic Zboncak,13,Mechanical,2018,Female,1392717634,3014
66bd136a86f72995c6a81357,Annalise.Carter,LFfxrsm19ncghdZ,437,Dr. Candace Considine,100,Electrical,2021,Male,1934580830,5455
66be17ccf1da91111c169d143,Athena46,enhPZ9pg8G82lUC,438,Dr. Chris Frami,91,Mechanical,2016,Female,301726355,4487
66bc893e69f8defd44918e98,Nils.Doyle58,27zAgT2MXXfbXB6,439,Earnest Crooks-Wuckert,62,Electrical,2019,Male,2218776492,7636
66bc91a7880716790969d938,Veronica.Cummings,FXgwdfvMulDMZ0I,440,Ramon Mraz DVM,78,Civil,2016,Female,7068270099,8624
66bc91b6880716790969d86c,Reuben48,SWOTGs52YMGTs_5,441,Dominick Towne V,82,Civil,2012,Male,3801175428,4794
66bc91d4880716790969d87a,Bernhard.Koch38,aw7g1EemaTqRUja,442,Ruben Littel,21,Electrical,2013,Female,689950822,9191
66bd136a86f72995c6a81358,Rodolfo26,WwsGiQfOZA3AElP,443,Sylvester Welch,10,Computer Science,2023,Male,5213513603,9107
66be17ccf1da91111c169d144,Deja.Macejkovic16,XUhwpaELcoV8uQe,444,Ivan Bogan,79,Computer Science,2023,Female,2475281518,3939
66bc893e69f8defd44918e99,Douglas83,MPSQUFXmxtQKcsk,445,Gerard Davis,100,Civil,2021,Male,3343279409,5365
66bc91a7880716790969d939,Gina93,THXcHJahHZ7wEEN,446,Ms. Ruth Grant V,24,Electrical,2013,Female,7606001210,4398
66bc91b6880716790969d86c,Bernita46,qob_NQnjefglwV3,447,Gene Dicki,97,Computer Science,2012,Male,2488733841,2776
66bc91d4880716790969d87a,Estrella_Prosacco12,SCs4P3WLFqx6KXV,448,Lorena Lakin,44,Civil,2011,Female,2217185662,7401
66bd136a86f72995c6a81359,Frida_Schroeder37,Afv7T68Ew7TnRbY,449,Essie Nicolas,90,Mechanical,2024,Male,4921264844,4638
66be17ccf1da91111c169d145,Clark10,S0ebOSO1wMBz5jg,450,Carlton Auer,79,Computer Science,2013,Female,6780169706,9788
66bc893e69f8defd44918e100,Elna37,F3XxDplIfAVnQQj,451,Catherine Kihn,19,Mechanical,2012,Male,2096865957,9573
66bc91a7880716790969d940,Flossie7,XYqNZOUgAHbguUH,452,Lionel O'Keefe,62,Civil,2017,Female,7500516146,2221
66bc91b6880716790969d86c,Hailey_Quitzon22,ViIHaYQ4LZ1K92E,453,Mario Gutmann,1,Electrical,2018,Male,1072998466,5974
66bc91d4880716790969d87a,Clarissa_Rippin,R7uJkQSCwWcIyGl,454,Mr. Garry Gislason,13,Electrical,2014,Female,3970945821,2546
66bd136a86f72995c6a81360,Shania.Bashirian,QvBzmvZjOmIPSZQ,455,Natalie Brown,100,Civil,2018,Male,1057030673,2250
66be17ccf1da91111c169d146,Armand_Trantow,hel26m1353FGqQ2,456,Miss Jennifer Jacobson-Conroy,88,Electrical,2011,Female,7070543980,8050
66bc893e69f8defd44918e101,Audreanne19,oEI_9WmOe97Jatb,457,Joy Hackett,36,Computer Science,2015,Male,8460837927,6707
66bc91a7880716790969d941,Sasha83,ipr23RWzBOJlN_U,458,Todd Wunsch,21,Computer Science,2015,Female,8185321843,7047
66bc91b6880716790969d86c,Estelle.Wyman,amZcwj1i0cWS7eu,459,Mable Upton,4,Computer Science,2024,Male,4311163124,4054
66bc91d4880716790969d87a,Claire.Streich25,1InOwvvL7kfyCkw,460,Terry Hermiston,91,Mechanical,2019,Female,1541327356,7225
66bd136a86f72995c6a81361,Kiana.Brakus66,QzBW2StBzPCzaNw,461,Clark Parisian,100,Electrical,2016,Male,7011384672,6771
66be17ccf1da91111c169d147,Kathryn_Dicki86,z_OTB2dB_59k4u8,462,Olga Robel,40,Computer Science,2012,Female,6801307320,6504
66bc893e69f8defd44918e102,Freda.Tremblay50,hL6Vm3SbRVwlhlZ,463,Dixie Hauck,59,Civil,2022,Male,2165586052,4767
66bc91a7880716790969d942,Eveline.Kuhn78,jo51nFXLRBuf8dS,464,Ada Romaguera,32,Computer Science,2011,Female,8532324671,2738
66bc91b6880716790969d86c,Wilton_Reinger,TW4aWuNvJQSGSkm,465,Erik Streich,10,Electrical,2016,Male,1115232155,1269
66bc91d4880716790969d87a,Araceli86,zOSHEDuiMc4dNJP,466,Genevieve Hettinger-Howell,46,Civil,2019,Female,54170149,3987
66bd136a86f72995c6a81362,Jesse.Will-Corwin57,IRAhRaf04CwWDEt,467,Sam Gorczany,41,Mechanical,2010,Male,225550335,5159
66be17ccf1da91111c169d148,Celestino.Schaefer,y_iMFi61IRFWIXy,468,Leroy Mayer,9,Mechanical,2019,Female,4277460370,1987
66bc893e69f8defd44918e103,Mable.Schinner-Hahn64,ob7QlBXFHDjLmi4,469,Gary Jakubowski,17,Civil,2013,Male,2150975578,7760
66bc91a7880716790969d943,Andre_Stracke13,kZBEFvzBLAIbymJ,470,Antonio Pfannerstill III,74,Electrical,2011,Female,5127783494,7575
66bc91b6880716790969d86c,Dixie.Dibbert,I3ixAV0TIM4c6Dy,471,Peter Huel,9,Electrical,2020,Male,3835921748,2416
66bc91d4880716790969d87a,Allene.Schmidt69,Vg6lii8lHwSmBsd,472,Pauline Kutch,100,Civil,2016,Female,4319368822,9413
66bd136a86f72995c6a81363,Nichole.Greenholt13,d6Bj91hYF3Mu5Sp,473,Carla Crona,35,Electrical,2017,Male,4174620496,2452
66be17ccf1da91111c169d149,Birdie.Bernier39,j6cXpIIwZv25Y8M,474,Lionel McCullough,73,Civil,2014,Female,64247353,3749
66bc893e69f8defd44918e104,Anibal_Larson13,4ZmZs7OeURHMci8,475,Alex Raynor,88,Mechanical,2016,Male,3703849853,5238
66bc91a7880716790969d944,Rico_Grimes66,kPMT6GSN1DALznI,476,Vickie Hettinger,58,Mechanical,2024,Female,9179791345,3170
66bc91b6880716790969d86c,Fae_Rodriguez,qmqDplDJ9l5a37U,477,Edmund Herman,67,Computer Science,2011,Male,6315529772,9919
66bc91d4880716790969d87a,Christ_Osinski14,0xhp4Y0mI3u3C8p,478,Andre Nitzsche,58,Electrical,2020,Female,7287238907,8928
66bd136a86f72995c6a81364,Ciara.McGlynn,JvVzwTYmOE4lHF8,479,Miss Ruth Mayer,62,Mechanical,2010,Male,1346789135,8159
66be17ccf1da91111c169d150,Rodolfo81,YoaaEWuSevLiA7f,480,Josephine Schaden,18,Computer Science,2018,Female,3748830178,9763
66bc893e69f8defd44918e105,Delilah94,4m3fhUcK9OInBOu,481,Mrs. Juanita Keebler,10,Civil,2012,Male,9863886411,4902
66bc91a7880716790969d945,Kade_Homenick,s0EyMSQrgZ0VDfX,482,Bernard Nolan,99,Computer Science,2018,Female,3632938014,1924
66bc91b6880716790969d86c,Robyn65,yLDB6WOpAQpQiyu,483,Mr. Shane Senger,11,Electrical,2016,Male,3261259471,5304
66bc91d4880716790969d87a,Reyes_Auer,wsRRII5wUTncfoB,484,Dianna Koelpin Sr.,75,Computer Science,2014,Female,3713253018,9036
66bd136a86f72995c6a81365,Alexis27,hoxpR7Evk5vlywI,485,Miguel Marvin,14,Computer Science,2012,Male,4295769720,2511
66be17ccf1da91111c169d151,Kenya_Gottlieb95,Ywg6Lj2P1OOD4z6,486,Salvatore Brown,42,Mechanical,2015,Female,1433649443,8908
66bc893e69f8defd44918e106,Herman.Champlin,9gdN5D1tiyKWH6_,487,Clark Stiedemann-Price,51,Civil,2023,Male,2966124415,5320
66bc91a7880716790969d946,Vivian.Gerlach,yT_uH3oc2eSSRZL,488,Jaime Reichert,77,Civil,2023,Female,5361758150,2545
66bc91b6880716790969d86c,Adriel21,yEWB4nePHpOuEc4,489,Mario McLaughlin,27,Electrical,2010,Male,4543051972,8765
66bc91d4880716790969d87a,Everardo.Wunsch12,XIKkVUGLDEAV9v0,490,Rosemarie Cruickshank,5,Mechanical,2014,Female,8175813334,4037
66bd136a86f72995c6a81366,Howard_Kessler38,4SddN5WvMvTRQZh,491,Casey Senger,81,Electrical,2011,Male,8591957015,6992
66be17ccf1da91111c169d152,Leopold_Gutkowski33,nzSLKaRf2KL2ds3,492,Shannon Bartell,55,Computer Science,2011,Female,5788377556,7527
66bc893e69f8defd44918e107,Bernadette_Hermann,0RfU3zJdcoqfTae,493,Dr. Jack Schamberger,43,Computer Science,2020,Male,9274790446,1029
66bc91a7880716790969d947,Kenna99,j1lKDJYgjFUt1_5,494,Maureen Fay,20,Computer Science,2015,Female,1582674046,8162
66bc91b6880716790969d86c,Brett.Crist30,iBWueAiFR86XWpo,495,Garry Schaefer IV,69,Computer Science,2016,Male,5288433028,5278
66bc91d4880716790969d87a,Maximo_Howell11,h9xMHtnyPNQPep3,496,Ms. Judith Ullrich,26,Computer Science,2018,Female,1240545839,8051
66bd136a86f72995c6a81367,Heidi.OKeefe,aup_u2qyBDdzDAb,497,Della Kihn,59,Computer Science,2023,Male,2607629249,9447
66be17ccf1da91111c169d153,Bessie_Runolfsdottir,qbKoWW80oIRxD1K,498,Elmer Rutherford,78,Civil,2017,Female,7184313989,5576
66bc893e69f8defd44918e108,Magnus76,5BFLJt6zOySF2ES,499,Max Dibbert,4,Mechanical,2022,Male,3691773393,4514
66bc91a7880716790969d948,Tobin.Jaskolski86,UTMyape9MkQyrL_,500,Kenny Parker,45,Civil,2016,Female,414034295,6297
66bc91b6880716790969d86c,Malvina_Lockman76,ZkRyCZ9W_WEXtaH,501,Herbert Halvorson,6,Electrical,2023,Male,509995390,1208
66bc91d4880716790969d87a,Dina.Luettgen,gDban62_nhJmJ9F,502,Latoya O'Keefe,66,Civil,2022,Female,5458433978,9617
66bd136a86f72995c6a81368,Nathanael.Langosh24,20wev2P_WIuZ59t,503,Casey Reinger,25,Computer Science,2014,Male,9684740958,5926
66be17ccf1da91111c169d154,Angelita.Kuhic95,jaVTS0oEWR76y7P,504,Clara Thompson,82,Computer Science,2023,Female,8354998473,5569
66bc893e69f8defd44918e109,Melyssa_Grimes83,3p3xygNsKjy9PfN,505,Geoffrey Wolf,2,Computer Science,2010,Male,5661377022,2160
66bc91a7880716790969d949,Merritt_Corwin,3DWlOfmfkI2XdPC,506,Ernest Halvorson,40,Electrical,2022,Female,3575764847,6231
66bc91b6880716790969d86c,Darren_Volkman9,6cd9bpQrOWp7hcN,507,Ruben Wyman,37,Civil,2019,Male,3015022964,1666
66bc91d4880716790969d87a,Andre.Haag42,Q4lSOSdm0K3xUEH,508,Ms. Leslie Blanda,65,Mechanical,2017,Female,9865098225,5803
66bd136a86f72995c6a81369,Lucas.Miller,YCq_YRlu7EC3wKC,509,Woodrow Bode,74,Civil,2018,Male,4176941602,4681
66be17ccf1da91111c169d155,Brandy_Rohan90,lgrOdm2rfPP_d1h,510,Wendy Mayert,10,Computer Science,2022,Female,7787557876,9205
66bc893e69f8defd44918e110,Deja.Orn42,z6kGqdduh2wu9gB,511,Candice Larson,59,Civil,2024,Male,4953116259,4765
66bc91a7880716790969d950,Mona35,Dj63ExuOi3O5Rd7,512,Isabel Bradtke,10,Civil,2020,Female,6612298592,4432
66bc91b6880716790969d86c,Ted70,SJFsekYkx8lCc0X,513,Jody Waters,84,Mechanical,2020,Male,1115526429,9967
66bc91d4880716790969d87a,Rhoda_Price21,tXkx7LBIEzh_AzR,514,Rolando Kiehn Sr.,62,Civil,2023,Female,2210346109,6732
66bd136a86f72995c6a81370,Sadie_Dicki,oY0sELsoM1QLyGT,515,Mrs. Becky Halvorson,91,Mechanical,2019,Male,5130578752,9560
66be17ccf1da91111c169d156,Oleta.Dickens,YBAFFIUajLDi4FG,516,Dr. Florence Abshire,22,Computer Science,2020,Female,7798825639,7147
66bc893e69f8defd44918e111,Stanton31,BMhbwwEYTkCIJ2n,517,Alyssa Adams,55,Civil,2022,Male,5517571900,9952
66bc91a7880716790969d951,Shaun.Graham41,YybNvUReoYk3Aow,518,Allen Boehm,18,Civil,2012,Female,7059907684,6095
66bc91b6880716790969d86c,Chelsey42,z22lyEydQ1YY4CC,519,Winifred D'Amore,9,Electrical,2013,Male,6707727468,5249
66bc91d4880716790969d87a,Mittie_Bogisich,1GjoycV5E5Toaos,520,Becky Bogisich-Dicki,94,Civil,2023,Female,4314105087,8191
66bd136a86f72995c6a81371,Vince.Mueller,_LHuugTpX6_QJNa,521,Sophia Ondricka,79,Electrical,2016,Male,6372563887,8570
66be17ccf1da91111c169d157,Courtney92,VRFQzm_TSd2_Cqt,522,Edward Torp,64,Mechanical,2010,Female,74500397,2093
66bc893e69f8defd44918e112,Uriah_Collier0,xAs6HbQkhJfWv0i,523,Frederick Weber,100,Civil,2018,Male,7985407923,7044
66bc91a7880716790969d952,Evan33,agJnNchwDw6PWvU,524,Madeline Reinger,42,Computer Science,2016,Female,5818438735,2523
66bc91b6880716790969d86c,Darien.Bode,NDItXNSJGVSAEfT,525,Kathy Veum,63,Mechanical,2022,Male,7001911927,9092
66bc91d4880716790969d87a,Karen.Grant71,pCzOFCGsuYcmVRj,526,William Bernier,29,Computer Science,2012,Female,6167355148,6314
66bd136a86f72995c6a81372,Jairo.Hane69,Y6a8O6lL4J381tH,527,Abraham Abernathy,52,Electrical,2020,Male,3968077724,5044
66be17ccf1da91111c169d158,Faye27,LtGUpvgmKz5LwfM,528,Rhonda Johnson,9,Computer Science,2010,Female,3672139039,3527
66bc893e69f8defd44918e113,Tianna83,RrHImUyl9WFz82R,529,Kimberly Satterfield,14,Civil,2017,Male,2765262500,9173
66bc91a7880716790969d953,Jefferey_Connelly,2dd6pk_r5aWYKLt,530,Ron Bechtelar,100,Civil,2022,Female,7311049117,9565
66bc91b6880716790969d86c,Martina_Adams,B0rYsGC8_Da9aWW,531,Darin Simonis,40,Mechanical,2013,Male,7576827209,1513
66bc91d4880716790969d87a,Jevon_Hilll,6lQyTdcJTueIYPo,532,Erik Crona,1,Civil,2019,Female,6956753441,6710
66bd136a86f72995c6a81373,Elza_Kris,FTkLTUmH7hH2oRQ,533,Christine Hamill,53,Electrical,2016,Male,8139128672,1349
66be17ccf1da91111c169d159,Jayce.Rosenbaum,lvqlwiwhrzfsL9Y,534,Matthew Cremin,64,Civil,2013,Female,2074443978,9872
66bc893e69f8defd44918e114,Jillian24,PngvSjiv9TWsn33,535,Mandy Mohr,57,Computer Science,2022,Male,9323146986,3150
66bc91a7880716790969d954,Keven_Kris72,cbsqCSdefD900Yt,536,Tabitha Bernhard,87,Civil,2018,Female,4234927805,8769
66bc91b6880716790969d86c,Vernie49,WeQMaB1mUtEXcSz,537,Sue Zemlak,98,Civil,2021,Male,2348208881,3199
66bc91d4880716790969d87a,Alba.Kessler55,3uSfLTRodPoZrBX,538,Oliver Crona Sr.,19,Mechanical,2017,Female,6661935275,5216
66bd136a86f72995c6a81374,Charley53,v6Z0wgugtrjNAtm,539,Kate Kihn,77,Mechanical,2024,Male,9552075277,2116
66be17ccf1da91111c169d160,Micah.Kutch,pdF0wuNHWdtGkZm,540,William Beatty,17,Civil,2018,Female,3633426551,3078
66bc893e69f8defd44918e115,Tad_McDermott52,YZAGinn0CEKexVT,541,Rafael Ullrich,46,Civil,2020,Male,2637742758,3602
66bc91a7880716790969d955,Kathryn66,I4y5GUcUSzNEbSv,542,Ernestine Buckridge,67,Computer Science,2011,Female,5969272637,8555
66bc91b6880716790969d86c,Austin95,sPsFEG1Yxrj4wV3,543,Roberta Moen,18,Mechanical,2019,Male,1043955598,5329
66bc91d4880716790969d87a,Neva.Upton,S1LGwHRkkb194PK,544,Jackie Prohaska,6,Electrical,2011,Female,5035080203,9381
66bd136a86f72995c6a81375,Maida81,LS6LotJEsHuc_69,545,Fannie Stiedemann,29,Electrical,2014,Male,8412462296,4304
66be17ccf1da91111c169d161,Lester.Schinner54,rMwr5cuimds5OTw,546,Clara Flatley,62,Mechanical,2018,Female,9011384740,9763
66bc893e69f8defd44918e116,Elda_Anderson,YLOtj3Ub7n79qud,547,Alfred Ebert,52,Civil,2014,Male,3234686777,6519
66bc91a7880716790969d956,Dennis.Turner,cGpo5m040EEVwzf,548,Flora Schmitt II,70,Electrical,2014,Female,8256290003,3074
66bc91b6880716790969d86c,Valentine_Runolfsdottir20,ldTvDpokOhENMo2,549,Becky Cartwright-Effertz,65,Mechanical,2023,Male,118962553,7514
66bc91d4880716790969d87a,Addie15,aF8plZN1BMX40TP,550,Gregory Heaney V,49,Computer Science,2016,Female,7932656389,1050
66bd136a86f72995c6a81376,Gregg84,fv4mNwfwfmwe30N,551,Dr. Alma Hills,45,Electrical,2010,Male,2009345089,9806
66be17ccf1da91111c169d162,Mozelle.Armstrong,VCbBoXbg9a2YwVK,552,Pat Huels Sr.,74,Computer Science,2016,Female,1089502840,2348
66bc893e69f8defd44918e117,Clement_Nienow68,11IjgzEHmBYYUBl,553,Abel Hegmann,81,Mechanical,2022,Male,6605227563,8246
66bc91a7880716790969d957,Lera17,nqfBLUVI0iAsKUl,554,Ross Hermann,21,Electrical,2018,Female,1836705507,9470
66bc91b6880716790969d86c,Kasandra_Spencer16,Ta5Hd9cZ3XTvEwz,555,Mr. Stephen Towne,12,Computer Science,2020,Male,9429302239,6878
66bc91d4880716790969d87a,Heaven.Legros,9Woredg7SKzfgAe,556,Gustavo Predovic,62,Civil,2011,Female,9300811864,1949
66bd136a86f72995c6a81377,Sandy.Ortiz-Baumbach71,ZlOS2kdjtPkBsjG,557,Carrie Waters,76,Electrical,2022,Male,3557194866,5393
66be17ccf1da91111c169d163,Valentin.Bernier,K8FJxZ05ZFXmPqF,558,Miss Eloise Barrows,50,Electrical,2024,Female,3578342340,6468
66bc893e69f8defd44918e118,Beau.Vandervort88,nCVKumirFAfVA_v,559,Andy Langosh,4,Civil,2018,Male,3558668440,6304
66bc91a7880716790969d958,Alexa.OKeefe,v5_Kovzjp0yasI9,560,Mrs. Leticia Hayes,93,Civil,2022,Female,5608056987,5493
66bc91b6880716790969d86c,Noble_Nolan,pwG6Um0nLORkTQq,561,Johnathan Bogan,52,Mechanical,2017,Male,9913363497,7539
66bc91d4880716790969d87a,Juston_King50,yer7LgG5rc6Bt2U,562,Wayne Rosenbaum Jr.,52,Civil,2011,Female,2256552579,6668
66bd136a86f72995c6a81378,Louie44,rzwd6Z0lQtbevGC,563,Melody Schuppe,30,Civil,2024,Male,7568939679,5395
66be17ccf1da91111c169d164,Burley.Feil34,cZWdauGWIdYQhVP,564,Melanie Lueilwitz,37,Electrical,2018,Female,8453137274,2442
66bc893e69f8defd44918e119,Kenya_Crist,rODNFW1WGly5lJp,565,Lyle Schmitt,6,Civil,2015,Male,7246972887,1106
66bc91a7880716790969d959,Jack.Turcotte3,BSKZD34anRzwrOU,566,Sherry Casper,17,Mechanical,2016,Female,3438659387,6438
66bc91b6880716790969d86c,Gus_Ledner,5f1cKEJgo9XOCnC,567,Juanita Morar,17,Civil,2011,Male,1133758726,9464
66bc91d4880716790969d87a,Modesta_Simonis97,pDb6gXa7YG3wRE6,568,Leslie Steuber Jr.,10,Civil,2013,Female,8179032839,7470
66bd136a86f72995c6a81379,Patience59,b6v1rZXHDQVQPnA,569,Paulette West,60,Computer Science,2021,Male,6385234654,7188
66be17ccf1da91111c169d165,Bridie.Metz26,VAOz5mAcXMyDgQD,570,Terrance Brekke,47,Mechanical,2010,Female,3695243091,5694
66bc893e69f8defd44918e120,Pierce_Luettgen97,zr1P_GltX8fzCkc,571,Byron Herzog,76,Mechanical,2019,Male,1569800034,1030
66bc91a7880716790969d960,Freddie.Bradtke23,JJ2CR_jluu1ubne,572,Leroy Smitham,6,Electrical,2019,Female,7078153373,7891
66bc91b6880716790969d86c,Trycia_Purdy-Prosacco12,MjYjjuKgEwBWYA4,573,Max Blanda,39,Electrical,2021,Male,4626501865,6734
66bc91d4880716790969d87a,Daniella57,v4ITma0PXtJe5xr,574,Ross Von,70,Civil,2010,Female,1563009395,6796
66bd136a86f72995c6a81380,Mathew_Mohr2,3JwZwdHpB40pV2Y,575,Rick Halvorson II,33,Civil,2010,Male,3065430286,5081
66be17ccf1da91111c169d166,Ebony_Goodwin86,gs8z7eB9VyhnKLz,576,Dr. Gilberto Nicolas,73,Mechanical,2011,Female,9518224501,8461
66bc893e69f8defd44918e121,Adella_Rippin,3TpEXreCOYTD9SV,577,Lucy Wilderman DVM,25,Civil,2021,Male,6025441338,4091
66bc91a7880716790969d961,Jimmie.Jenkins87,O52xnSy0OYUwzx5,578,Sabrina Blanda,4,Computer Science,2012,Female,3431561365,7382
66bc91b6880716790969d86c,Jedidiah_Nikolaus69,ynYvjbRqkhllFKN,579,Edith Gottlieb,89,Civil,2020,Male,7175637641,8360
66bc91d4880716790969d87a,Eden.Hagenes,n2kamhWdg476tO3,580,Rodney Beatty,14,Civil,2010,Female,676594968,4546
66bd136a86f72995c6a81381,Wyman_McDermott34,ZhA00vmMx7MgwzW,581,Winifred Rohan-Thompson,47,Civil,2023,Male,80794297,7362
66be17ccf1da91111c169d167,Rosie_DuBuque,z3nBoNBVFclU7ib,582,Krystal Dooley,11,Computer Science,2018,Female,1687206424,8187
66bc893e69f8defd44918e122,Michael92,GfHOkypu2n8eCu2,583,Johnnie Kirlin,31,Electrical,2023,Male,4417693492,1661
66bc91a7880716790969d962,Hiram.Dickens2,M6mjlpMwEuDa6cG,584,Daniel Haag,7,Computer Science,2024,Female,2147300821,1347
66bc91b6880716790969d86c,Kendall.Lehner40,9sIvSJc1Cx7NphV,585,Sabrina Heller,38,Civil,2022,Male,9469177838,6913
66bc91d4880716790969d87a,Jan-50,HIysQ6m49nGlOi6,586,Wallace Turner,86,Civil,2018,Female,2829410590,6439
66bd136a86f72995c6a81382,Jedidiah.Braun77,sZDz2wCRC14I91S,587,Courtney Thompson,75,Computer Science,2021,Male,6934853167,5856
66be17ccf1da91111c169d168,Emilio.Cole,Ae5psdmlJTkGmk2,588,Loretta O'Connell,32,Civil,2022,Female,7705065085,1325
66bc893e69f8defd44918e123,Juliana.Mayert72,lIgu1g6Y4NJBk16,589,Sadie Hauck DVM,25,Civil,2015,Male,9805567726,7742
66bc91a7880716790969d963,Reva_Casper,b2Sd3i0ZIw9Rrfz,590,Cesar Schaefer,37,Mechanical,2010,Female,6073599242,9854
66bc91b6880716790969d86c,Donnie.Koelpin62,CnvO3CMsl9EbF0G,591,Jessie Pfannerstill,39,Mechanical,2018,Male,5283021496,9325
66bc91d4880716790969d87a,Micaela_Reilly,6v8c9x9YQDZO1ZW,592,Darrel Mosciski,85,Computer Science,2012,Female,3124014237,5384
66bd136a86f72995c6a81383,Tyrese25,7lrdXZj05bme2K_,593,Jackie Bogan IV,46,Civil,2022,Male,4035833515,5385
66be17ccf1da91111c169d169,Joshuah_Block,oC4T5i6OSk9N3rH,594,Theodore Bayer,99,Civil,2017,Female,7139814370,7962
66bc893e69f8defd44918e124,Lorna22,EBVQWnWyPcPJqq7,595,Ramona Kling,63,Computer Science,2015,Male,44442697,3929
66bc91a7880716790969d964,Jasmin89,pKUMiee59E3GODz,596,Maggie Gulgowski,85,Electrical,2020,Female,1311251711,1058
66bc91b6880716790969d86c,Pink.Walker,vORVJGQSpcsb3xr,597,Hugh West III,30,Mechanical,2017,Male,4840627395,4396
66bc91d4880716790969d87a,Okey_Monahan,7bHtwko09mFUIr_,598,Stewart Rowe,61,Civil,2019,Female,7356438911,5968
66bd136a86f72995c6a81384,Tyrique76,30SAlprdEJlGkAZ,599,Lawrence Ullrich,61,Mechanical,2011,Male,597988024,6406
66be17ccf1da91111c169d170,Dallas_Donnelly,4MwxOT03gIjWDY1,600,Dominic Brown III,91,Electrical,2015,Female,2298174798,3686
